id,depth,depthSum,align,shrunken,shrunkenV2,sugary,se1,allWT,su1sh2,sh2True,su1True,su1sh2seg,su1wtseg,se1.snp,se1.10kb,se1.50kb,juanid,id2
2,8.70653,16590612598,1905536718,sh2sh2,WT*,su1su1,WT,0,1,0,1,0,0,WT,WT,WT,2,2
176,11.5809,22504835343,1943271710,WT,WT,su1su1,WT,0,0,WT,WT,WT,WT,WT,WT,WT,176,176
226,7.77863,14834650478,1907103240,WT,WT,su1su1,WT,0,0,WT,WT,WT,WT,WT,WT,WT,226,226
245,8.06661,15579728405,1931384857,WT,WT,su1su1,WT,0,0,WT,WT,WT,WT,WT,WT,WT,245,245
469,7.63783,14824010807,1940866818,WT,WT,su1su1,WT,0,0,WT,WT,WT,WT,WT,WT,WT,469,469
592,7.88008,15361831615,1949451226,WT,WT*,su1su1,WT,0,0,WT,WT,WT,WT,WT,WT,WT,592,592
789,8.03201,15648051965,1948211215,WT,WT*,su1su1,WT,0,0,WT,WT,se1,WT,WT,WT,se1,789,789
908,8.00716,15790516835,1972049620,WT,WT,su1su1,WT,0,0,WT,WT,WT,WT,WT,WT,WT,908,908
13B-587-68A,4.81389,8987336563,1866959271,WT,WT*,su1su1,WT,0,0,WT,WT,WT,WT,WT,WT,WT,13b58768a,13B-587-68A
14H-588-68B,7.32099,14043872000,1918302306,WT,WT,su1su1,WT,0,0,WT,WT,WT,WT,WT,WT,WT,14h58868b,14H-588-68B
197A-381-68A,9.89867,19265476645,1946269210,WT,WT*,su1su1,WT,0,0,WT,WT,se1,WT,WT,WT,se1,197a38168a,197A-381-68A
21-396-68B,6.49483,12310715484,1895463851,sh2sh2,WT*,su1su1,WT,0,1,0,1,0,0,WT,WT,se1,2139668b,21-396-68B
257A9,9.57581,18654424270,1948077945,WT,WT,WT,WT,1,0,WT,WT,WT,WT,WT,WT,WT,257a9,257A9
34f,8.10576,16606883256,2048775594,sh2sh2,sh2sh2,WT,WT,0,0,WT,WT,WT,WT,WT,WT,WT,34f,34f
442A-431-68D,6.1405,11292190969,1838969297,WT,WT,su1su1,WT,0,0,WT,se1,WT,WT,WT,se1,WT,442a43168d,442A-431-68D
471_U6,7.27392,13810889665,1898685944,sh2sh2,WT*,su1su1,WT,0,1,0,1,0,0,WT,WT,WT,471u6,471_U6
81-1,9.31347,17699257452,1900393457,WT,WT,su1su1,WT,0,0,WT,WT,se1,WT,WT,WT,se1,811,81-1
83610b,12.0038,23356930690,1945794723,sh2sh2,WT*,su1su1,WT,0,1,0,1,0,0,WT,WT,se1,83610b,83610b
83612b,7.70477,14726873305,1911396876,sh2sh2,WT*,su1su1,WT,0,1,0,1,0,0,WT,WT,se1,83612b,83612b
A10579,13.3425,27301146267,2046179222,WT,WT,WT,WT,1,0,WT,WT,WT,WT,WT,WT,WT,a10579,A10579
A15,10.6908,20098951318,1880023134,WT,WT*,WT,WT,1,0,WT,WT,WT,WT,WT,WT,WT,a15,A15
A632_sh2sh2,7.1813,13296001618,1851475585,sh2sh2,sh2sh2,WT,WT,0,0,WT,WT,WT,WT,WT,WT,WT,a632sh2sh2,A632_sh2sh2
A632_susu,7.07213,13003986791,1838765236,WT,WT,su1su1,WT,0,0,WT,WT,WT,WT,WT,WT,WT,a632susu,A632_susu
A648,7.7852,14311717408,1838323666,sh2sh2,sh2sh2,WT,WT,0,0,WT,WT,WT,WT,WT,WT,WT,a648,A648
A684su,7.40619,14104979094,1904485180,WT,WT,su1su1,WT,0,0,WT,WT,WT,WT,WT,WT,WT,a684su,A684su
A685su,7.0634,13259732418,1877245012,WT,WT,su1su1,WT,0,0,WT,WT,WT,WT,WT,WT,WT,a685su,A685su
A686su,8.58361,16562343004,1929531165,WT,WT,su1su1,WT,0,0,WT,WT,WT,WT,WT,WT,WT,a686su,A686su
A7,10.0977,19116969604,1893200393,WT,WT,WT,WT,1,0,0,0,0,0,WT,WT,WT,a7,A7
Amarillo_dulce,8.32808,16152324130,1939501557,WT,WT,su1su1,WT,0,0,WT,WT,WT,WT,WT,WT,WT,amarillodulce,Amarillo_dulce
Andjar_Bekaa,8.91506,17321629727,1942962776,sh2sh2,WT*,su1su1,WT,0,1,0,1,0,1,WT,WT,se1,andjarbekaa,Andjar_Bekaa
ARZM_16_011,7.80807,15195873442,1946175360,WT,WT*,su1su1,WT,0,0,WT,WT,WT,WT,WT,WT,WT,arzm16011,ARZM_16_011
ARZM_19_051,12.1353,24831189604,2046194952,WT,WT*,su1su1,WT,0,0,WT,WT,WT,WT,WT,WT,WT,arzm19051,ARZM_19_051
ARZM_19_057,7.96411,16045924462,2014779362,WT,WT*,su1su1,WT,0,0,WT,WT,WT,WT,WT,WT,WT,arzm19057,ARZM_19_057
ARZM_19_069,7.52046,15098626939,2007673326,sh2sh2,WT*,su1su1,WT,0,1,WT,WT,WT,WT,WT,WT,WT,arzm19069,ARZM_19_069
ARZM_20_005,8.67207,17612793705,2030979190,WT,WT*,su1su1,WT,0,0,WT,WT,WT,WT,WT,WT,WT,arzm20005,ARZM_20_005
ARZM_20_006,6.73631,12942924074,1921367050,WT,WT,su1su1,WT,0,0,WT,se1,WT,WT,WT,se1,WT,arzm20006,ARZM_20_006
ARZM_21_002,10.7301,21434531554,1997607809,WT,WT*,su1su1,WT,0,0,WT,WT,WT,WT,WT,WT,WT,arzm21002,ARZM_21_002
ARZM_21_006,8.55275,16817421594,1966317453,WT,WT,su1su1,WT,0,0,WT,WT,WT,WT,WT,WT,WT,arzm21006,ARZM_21_006
ARZM_21_007,7.40494,14543022356,1963962214,WT,WT,su1su1,WT,0,0,WT,WT,WT,WT,WT,WT,WT,arzm21007,ARZM_21_007
ARZM_21_008,6.96863,13507243762,1938292571,WT,WT,su1su1,WT,0,0,WT,WT,WT,WT,WT,WT,WT,arzm21008,ARZM_21_008
ARZM_21_009,7.78667,15619570417,2005937123,WT,WT,su1su1,WT,0,0,WT,WT,WT,WT,WT,WT,WT,arzm21009,ARZM_21_009
ARZM_21_013,7.74488,15501238923,2001482131,WT,WT,WT,WT,1,0,0,1,0,0,WT,WT,WT,arzm21013,ARZM_21_013
ARZM_21_014,6.64611,13038895338,1961883769,WT,WT*,Het??,WT,0,0,WT,WT,se1,WT,WT,WT,se1,arzm21014,ARZM_21_014
ARZM_21_018,13.2634,26953914726,2032202507,WT,WT*,su1su1,WT,0,0,WT,WT,WT,WT,WT,WT,WT,arzm21018,ARZM_21_018
AS11,6.54501,12498445455,1909614417,WT,WT*,su1su1,WT,0,0,WT,WT,WT,WT,WT,WT,WT,as11,AS11
AS12,7.30165,13876290173,1900432118,sh2-i,sh2-i,su1_SW?,WT,0,0,WT,WT,WT,WT,WT,WT,WT,as12,AS12
Atkinson,6.31469,11917997968,1887344900,sh2sh2,WT*,su1su1,WT,0,1,0,1,0,0,WT,WT,WT,atkinson,Atkinson
Aunt_Marys,9.47619,18737554569,1977329979,sh2sh2,WT*,su1su1,WT,0,1,0,1,0,0,WT,WT,WT,auntmarys,Aunt_Marys
B5765,6.53999,12371078078,1891605045,sh2sh2,WT*,su1su1,WT,0,1,0,1,0,0,WT,WT,se1,b5765,B5765
B5870,7.83677,15177794564,1936741102,sh2sh2,WT*,su1su1,WT,0,1,0,1,0,0,WT,WT,WT,b5870,B5870
B84_plus_su,6.77602,12410612104,1831548919,WT,WT,WT,WT,1,0,0,1,WT,WT,WT,WT,WT,b84plussu,B84_plus_su
Banting,7.81295,15145578345,1938522369,WT,WT,su1su1,WT,0,0,WT,WT,WT,WT,WT,WT,WT,banting,Banting
Baxters_Golden_Bantam,7.63989,15082132514,1974129538,WT,WT,su1su1,WT,0,0,WT,WT,WT,WT,WT,WT,WT,baxtersgoldenbantam,Baxters_Golden_Bantam
Bi_10,8.34616,16013516201,1918668729,WT,WT,WT,WT,1,0,1,0,0,0,WT,WT,WT,bi10,Bi_10
Black_Mexican,8.28819,16433366732,1982744934,WT,WT*,Het??,WT,0,0,WT,WT,WT,WT,WT,WT,WT,blackmexican,Black_Mexican
Burnell_Golden_Bantam,7.20371,13993847810,1942589001,WT,WT,su1su1,WT,0,0,WT,WT,WT,WT,WT,WT,WT,burnellgoldenbantam,Burnell_Golden_Bantam
C12-1,9.17352,17816351963,1942150010,WT,WT,su1su1,WT,0,0,WT,WT,WT,WT,WT,WT,WT,c121,C12-1
C13,8.76859,16869692852,1923877482,WT,WT,su1su1,WT,0,0,WT,WT,WT,WT,WT,WT,WT,c13,C13
C15,8.85227,16980883959,1918251924,WT,WT*,su1su1,WT,0,0,WT,WT,WT,WT,WT,WT,WT,c15,C15
C1540,12.3762,23540230954,1902056443,WT,WT,WT,WT,1,0,0,0,0,0,WT,WT,WT,c1540,C1540
C18,6.76634,12700968884,1877081093,WT,WT,su1su1,WT,0,0,WT,WT,WT,WT,WT,WT,WT,c18,C18
C2,9.70296,18362065752,1892418989,WT,WT,WT,WT,1,0,0,0,0,0,WT,WT,WT,c2,C2
C22,9.36555,17958245492,1917479005,WT,WT,su1su1,WT,0,0,WT,WT,WT,WT,WT,WT,WT,c22,C22
C23_su,6.70744,13230586572,1972524029,sh2sh2,WT*,su1su1,WT,0,1,0,1,0,0,WT,WT,se1,c23su,C23_su
C27,6.60299,12569801698,1903652996,sh2sh2,WT*,su1su1,WT,0,1,0,1,0,0,WT,WT,se1,c27,C27
C27red,8.19315,15749465212,1922272290,WT,WT*,su1su1,WT,0,0,WT,WT,se1,WT,WT,WT,se1,c27red,C27red
C3,9.21119,17903166538,1943632314,WT,WT*,su1su1,WT,0,0,WT,WT,WT,WT,WT,WT,WT,c3,C3
C30,7.12282,13946638164,1958021986,WT,WT,su1su1,WT,0,0,WT,WT,se1,WT,WT,WT,se1,c30,C30
C38,6.22076,11636853351,1870648177,WT,WT*,su1su1,WT,0,0,WT,WT,WT,WT,WT,WT,WT,c38,C38
C4,12.9973,25624510228,1971525642,WT,WT,su1su1,WT,0,0,WT,WT,WT,WT,WT,WT,WT,c4,C4
C40,10.6634,20863832431,1956583494,WT,WT*,su1su1,WT,0,0,WT,WT,WT,WT,WT,WT,WT,c40,C40
C42,8.32964,15900147741,1908863737,sh2sh2,WT*,su1su1,WT,0,1,0,0,0,0,WT,WT,WT,c42,C42
C5,8.01782,15467548681,1929146411,WT,WT,su1su1,WT,0,0,WT,WT,WT,WT,WT,WT,WT,c5,C5
C65,5.90924,11125704547,1882764035,sh2sh2,WT*,su1su1,WT,0,1,2,1,0,0,WT,WT,WT,c65,C65
C68,9.7769,19091295277,1952694134,sh2sh2,WT*,su1su1,WT,0,1,0,1,0,0,WT,WT,WT,c68,C68
C68Rx552_63,7.3233,14119567271,1928033437,WT,WT*,su1su1,WT,0,0,WT,WT,WT,WT,WT,WT,WT,c68rx55263,C68Rx552_63
C6A,8.23327,15699038236,1906780445,WT,WT,su1su1,WT,0,0,WT,WT,se1,WT,WT,WT,se1,c6a,C6A
C7,12.4313,24407460038,1963387581,WT,WT,su1su1,WT,0,0,WT,WT,WT,WT,WT,WT,WT,c7,C7
C7e,8.9399,17299829463,1935125612,WT,WT,su1su1,WT,0,0,WT,WT,WT,WT,WT,WT,WT,c7e,C7e
C81,6.26428,11200946252,1788066027,WT,WT,su1_SW?,WT,0,0,WT,WT,WT,WT,WT,WT,WT,c81,C81
C8pseudo,10.2527,19876953266,1938704270,WT,WT,su1su1,WT,0,0,WT,WT,WT,WT,WT,WT,WT,c8pseudo,C8pseudo
C90,9.44046,18413665962,1950505162,WT,WT,su1su1,WT,0,0,WT,WT,WT,WT,WT,WT,WT,c90,C90
Chihuahua_151,6.70382,12194336340,1819013091,WT,WT,su1_SW?,WT,0,0,WT,WT,WT,WT,WT,WT,WT,chihuahua151,Chihuahua_151
Chile_332,6.55914,12167429281,1855034239,WT,WT,su1su1,WT,0,0,WT,se1,se1,WT,WT,se1,se1,chile332,Chile_332
Chile_335,8.26417,16487894530,1995105925,WT,WT,Het??,WT,0,0,WT,WT,WT,WT,WT,WT,WT,chile335,Chile_335
Chile_339,6.33714,12210204584,1926768950,WT,WT*,su1su1,WT,0,0,WT,WT,WT,WT,WT,WT,WT,chile339,Chile_339
CHZM_08_129,8.97326,17724814607,1975292659,WT,WT*,su1su1,WT,0,0,WT,WT,WT,WT,WT,WT,WT,chzm08129,CHZM_08_129
CI540,6.48869,11661518506,1797206910,WT,WT*,WT,WT,1,0,0,0,0,0,WT,WT,WT,ci540,CI540
COES25A-1,6.7155,12658977790,1885038760,sh2sh2,sh2sh2,WT,WT,0,0,WT,WT,se1,WT,WT,WT,se1,coes25a1,COES25A-1
COES28A-1,12.2428,24110829520,1969388499,sh2sh2,sh2sh2,WT,se1se1,0,0,se1,se1,se1,se1,se1,se1,se1,coes28a1,COES28A-1
COES46A-1,7.89462,15457251541,1957947506,sh2sh2,sh2sh2,Het??,WT,0,0,WT,se1,se1,WT,WT,se1,se1,coes46a1,COES46A-1
Country_Gentleman,9.26921,18350411356,1979716864,WT,WT*,su1su1,WT,0,0,WT,WT,WT,WT,WT,WT,WT,countrygentleman,Country_Gentleman
CRC_61,6.37843,12591023512,1974000422,WT,WT,Het??,WT,0,0,WT,WT,WT,WT,WT,WT,WT,crc61,CRC_61
CTS6_1,6.33839,11356246385,1791661035,WT,WT,WT,WT,1,0,0,0,0,0,WT,WT,WT,cts61,CTS6_1
CTS62_Su,8.27365,15486305446,1871762215,WT,WT*,WT,WT,1,0,0,0,0,0,WT,WT,WT,cts62su,CTS62_Su
Cubano,7.61172,14520740863,1907681951,WT,WT,su1su1,WT,0,0,WT,WT,WT,WT,WT,WT,WT,cubano,Cubano
Cuzco_suse,8.82659,16879537654,1912350937,WT,WT,su1su1,WT,0,0,WT,WT,WT,WT,WT,WT,WT,cuzcosuse,Cuzco_suse
DF14,6.9669,12700389418,1822961348,WT,WT,WT,WT,1,0,0,0,0,0,WT,WT,WT,df14,DF14
Doce_de_Cuba,7.42518,13721811525,1848010624,WT,WT,su1su1,WT,0,0,WT,WT,WT,WT,WT,WT,WT,docedecuba,Doce_de_Cuba
Early_Evergreen,6.92362,13596754501,1963821599,WT,WT*,su1su1,WT,0,0,WT,se1,WT,WT,WT,se1,WT,earlyevergreen,Early_Evergreen
Early_June,7.27991,13874225040,1905823704,WT,WT,su1su1,WT,0,0,WT,WT,WT,WT,WT,WT,WT,earlyjune,Early_June
EP58,6.95662,13223020204,1900782306,WT,WT*,su1su1,WT,0,0,WT,WT,WT,WT,WT,WT,WT,ep58,EP58
EP60,5.56301,10243686029,1841392704,WT,WT*,su1su1,WT,0,0,WT,WT,WT,WT,WT,WT,WT,ep60,EP60
EP61,8.76538,17502936825,1996825788,WT,WT,su1su1,WT,0,0,WT,WT,WT,WT,WT,WT,WT,ep61,EP61
EP62,7.21611,14513111525,2011209852,WT,WT*,su1su1,WT,0,0,WT,WT,WT,WT,WT,WT,WT,ep62,EP62
EP82,6.29952,11988970174,1903156141,WT,WT*,su1su1,WT,0,0,WT,WT,WT,WT,WT,WT,WT,ep82,EP82
EP83,6.41159,12775065106,1992495638,WT,WT,su1su1,WT,0,0,WT,WT,WT,WT,WT,WT,WT,ep83,EP83
EP84,7.95137,15454630877,1943643784,sh2sh2,sh2sh2,WT,WT,0,0,WT,WT,se1,WT,WT,WT,se1,ep84,EP84
EP85,9.85046,19438230250,1973332235,sh2sh2,sh2sh2,WT,WT,0,0,WT,WT,se1,WT,WT,WT,se1,ep85,EP85
Eskisehir,7.0505,13826065644,1961004985,WT,WT,su1su1,WT,0,0,WT,WT,WT,WT,WT,WT,WT,eskisehir,Eskisehir
F2,12.2758,23732604703,1933283754,WT,WT,WT,WT,1,0,0,0,0,0,WT,WT,WT,f2,F2
F7,8.42719,15770409201,1871372213,WT,WT,WT,WT,1,0,0,0,0,0,WT,WT,WT,f7,F7
FL32,8.48127,16415549039,1935506008,sh2sh2,sh2sh2,WT,WT,0,0,WT,WT,WT,WT,WT,WT,WT,fl32,FL32
FL52,9.14684,17921978448,1959362845,sh2sh2,sh2sh2,WT,WT,0,0,WT,WT,se1,WT,WT,WT,se1,fl52,FL52
G8,6.505,12424529516,1909996851,WT,WT*,su1su1,WT,0,0,WT,WT,WT,WT,WT,WT,WT,g8,G8
Glancaster_sh2,7.86669,15532020532,1974403533,sh2sh2,sh2sh2,WT,WT,0,0,WT,WT,WT,WT,WT,WT,WT,glancastersh2,Glancaster_sh2
GMBAB,12.4745,24503924695,1964321191,WT,WT*,Het??,WT,0,0,WT,WT,WT,WT,WT,WT,WT,gmbab,GMBAB
Golden_Bantam,7.74879,15151092070,1955284899,WT,WT,su1su1,WT,0,0,WT,WT,WT,WT,WT,WT,WT,goldenbantam,Golden_Bantam
Golden_Bantam_WI,7.43107,14706625135,1979072346,WT,WT*,su1su1,WT,0,0,WT,WT,WT,WT,WT,WT,WT,goldenbantamwi,Golden_Bantam_WI
Golden_Evergreen,8.86915,17844704382,2011997134,WT,WT,su1su1,WT,0,0,WT,WT,WT,WT,WT,WT,WT,goldenevergreen,Golden_Evergreen
Golden_Gem,10.395,20573661739,1979188238,WT,WT*,su1su1,WT,0,0,WT,WT,WT,WT,WT,WT,WT,goldengem,Golden_Gem
Golden_Giant,5.65548,10660630611,1885008984,WT,WT,su1su1,WT,0,0,WT,WT,WT,WT,WT,WT,WT,goldengiant,Golden_Giant
GSSS_sh2,7.24047,13908817095,1920982629,sh2sh2,sh2sh2,WT,WT,0,0,WT,WT,WT,WT,WT,WT,WT,gssssh2,GSSS_sh2
GTS1,7.13838,14017023778,1963614122,WT,WT,su1su1,WT,0,0,WT,WT,WT,WT,WT,WT,WT,gts1,GTS1
Guanajuato_93,12.0684,24008722788,1989387391,WT,WT,WT,WT,1,0,WT,WT,WT,WT,WT,WT,WT,guanajuato93,Guanajuato_93
Hawaiian_Sugar,7.18994,13164621791,1830977976,WT,WT,su1su1,WT,0,0,WT,WT,WT,WT,WT,WT,WT,hawaiiansugar,Hawaiian_Sugar
HawaiiSugar,7.09745,13462369202,1896789580,WT,WT,su1su1,WT,0,0,WT,WT,se1,WT,WT,WT,se1,hawaiisugar,HawaiiSugar
Hayes_White_Sweet,11.5075,22932955259,1992870324,WT,WT,su1su1,WT,0,0,WT,WT,WT,WT,WT,WT,WT,hayeswhitesweet,Hayes_White_Sweet
Hi38,7.86473,14643899509,1861971041,WT,WT,WT,WT,1,0,1,0,0,0,WT,WT,WT,hi38,Hi38
Hi38C1,7.79179,14538112660,1865824497,WT,WT,Het??,WT,0,0,1,0,0,0,WT,WT,WT,hi38c1,Hi38C1
HI70,9.74701,18668058764,1915260040,WT,WT,WT,WT,1,0,WT,WT,WT,WT,WT,WT,WT,hi70,HI70
HI74,11.048,21213026830,1920078460,WT,WT,WT,WT,1,0,1,0,0,0,WT,WT,WT,hi74,HI74
HI76,7.87776,15539373658,1972562462,WT,WT,WT,WT,1,0,1,0,0,0,WT,WT,WT,hi76,HI76
HI78,7.26114,13337382531,1836816606,WT,WT,WT,WT,1,0,WT,WT,WT,WT,WT,WT,WT,hi78,HI78
HI79,7.16918,13156692010,1835173899,WT,WT,WT,WT,1,0,1,0,0,0,WT,WT,WT,hi79,HI79
HI81,7.75429,14237094424,1836028111,WT,WT,WT,WT,1,0,WT,WT,WT,WT,WT,WT,WT,hi81,HI81
HI82,11.7655,23565385262,2002922550,WT,WT,su1su1,WT,0,0,WT,WT,WT,WT,WT,WT,WT,hi82,HI82
HiBTSYN3,6.22404,11576843402,1860020726,WT,WT,WT,WT,1,0,0,0,WT,WT,WT,WT,WT,hibtsyn3,HiBTSYN3
HotevillaAzwhitesweetcorn_1,7.0987,12998599918,1831123997,WT,WT,su1_SW?,WT,0,0,WT,se1,WT,WT,WT,se1,WT,hotevillaazwhitesweetcorn1,HotevillaAzwhitesweetcorn_1
Howling_Mob,7.14501,14108370793,1974576774,WT,WT,su1su1,WT,0,0,WT,WT,WT,WT,WT,WT,WT,howlingmob,Howling_Mob
I108-2-2-2-2-1-1-1,5.87204,10954474204,1865531264,sh2sh2,sh2sh2,WT,WT,0,0,WT,WT,WT,WT,WT,WT,WT,i1082222111,I108-2-2-2-2-1-1-1
I112-1-1-2-1-1-1-,6.98504,13408656614,1919624886,sh2sh2,sh2sh2,WT,WT,0,0,WT,WT,WT,WT,WT,WT,WT,i112112111,I112-1-1-2-1-1-1-
I136-1-1-1-1-1,7.90005,15122842853,1914271790,sh2sh2,sh2sh2,WT,WT,0,0,WT,WT,WT,WT,WT,WT,WT,i13611111,I136-1-1-1-1-1
I152-1-1-1-1-2-1-1,9.19998,17850722777,1940300172,sh2sh2,sh2sh2,WT,WT,0,0,WT,WT,WT,WT,WT,WT,WT,i1521111211,I152-1-1-1-1-2-1-1
I182-1-2-1-1-1-1,8.76339,16917910489,1930521235,sh2sh2,sh2sh2,WT,se1se1,0,0,se1,se1,se1,se1,se1,se1,se1,i182121111,I182-1-2-1-1-1-1
I22-1-1-1-1-1-1,8.32765,16005529514,1921974328,sh2sh2,sh2sh2,WT,WT,0,0,WT,WT,se1,WT,WT,WT,se1,i22111111,I22-1-1-1-1-1-1
I237-1-2-1-1-1-1-1,8.8692,18025056962,2032320498,WT,WT*,Het??,WT,0,0,WT,WT,WT,WT,WT,WT,WT,i2371211111,I237-1-2-1-1-1-1-1
I31-1-1-1-2-1-1,8.17298,15883733778,1943444592,sh2sh2,sh2sh2,WT,se1se1,0,0,se1,se1,se1,se1,se1,se1,se1,i31111211,I31-1-1-1-2-1-1
I45,10.0279,19729680720,1967478806,WT,WT*,su1su1,WT,0,0,WT,WT,WT,WT,WT,WT,WT,i45,I45
I58-1-2-2-1-1-1,7.41753,14313813680,1929727777,sh2sh2,sh2sh2,WT,WT,0,0,WT,WT,se1,WT,WT,WT,se1,i58122111,I58-1-2-2-1-1-1
I817,10.3638,20672132123,1994647921,WT,WT,su1su1,WT,0,0,WT,WT,WT,WT,WT,WT,WT,i817,I817
I9-1-1-1-1-1-1,10.082,19602585923,1944315208,sh2sh2,sh2sh2,su1su1,se1se1,0,1,1,0,0,0,se1,se1,se1,i9111111,I9-1-1-1-1-1-1
I94-1-1-1-1-1-1-1,6.53824,12478151258,1908487798,sh2sh2,sh2sh2,WT,WT,0,0,WT,se1,WT,WT,WT,se1,WT,i941111111,I94-1-1-1-1-1-1-1
I97-1-1-1-1-1-1,7.31125,14048077106,1921433012,sh2sh2,sh2sh2,WT,WT,0,0,WT,WT,WT,WT,WT,WT,WT,i97111111,I97-1-1-1-1-1-1
Ia2003,7.75485,15133895243,1951539391,sh2sh2,WT*,su1su1,WT,0,1,0,1,0,0,WT,WT,se1,ia2003,Ia2003
Ia2076,7.50783,14542703179,1937004857,WT,WT,su1su1,WT,0,0,WT,WT,se1,WT,WT,WT,se1,ia2076,Ia2076
IA2132,9.20589,17745273321,1927599974,WT,WT*,su1su1,WT,0,0,WT,WT,WT,WT,WT,WT,WT,ia2132,IA2132
Ia2256,7.688,14729065671,1915851414,WT,WT,Het??,WT,0,0,WT,WT,se1,WT,WT,WT,se1,ia2256,Ia2256
Ia2730,9.8764,19277493717,1951874541,WT,WT*,su1su1,WT,0,0,WT,WT,WT,WT,WT,WT,WT,ia2730,Ia2730
Ia4189,8.19956,15788053804,1925475733,WT,WT*,su1su1,WT,0,0,WT,WT,se1,WT,WT,WT,se1,ia4189,Ia4189
Ia45_1,8.92885,17309659712,1938621403,WT,WT,su1su1,WT,0,0,WT,WT,WT,WT,WT,WT,WT,ia451,Ia45_1
Ia45_2,7.11035,13661010453,1921285233,WT,WT,su1su1,WT,0,0,WT,WT,WT,WT,WT,WT,WT,ia452,Ia45_2
Ia45_3,7.77483,15170129774,1951184756,sh2sh2,WT*,su1su1,WT,0,1,2,1,0,0,WT,WT,WT,ia453,Ia45_3
Ia453sh2,7.18836,15434907125,2147208421,sh2sh2,sh2sh2,WT,WT,0,0,WT,WT,WT,WT,WT,WT,WT,ia453sh2,Ia453sh2
Ia453su1,6.50925,13488534807,2072210286,WT,WT,su1su1,WT,0,0,WT,WT,WT,WT,WT,WT,WT,ia453su1,Ia453su1
Ia453WT,8.38746,17619059189,2100643006,WT,WT,WT,WT,1,0,0,0,0,0,WT,WT,WT,ia453wt,Ia453WT
Ia5125,7.14874,14030807612,1962696589,WT,WT,su1su1,WT,0,0,WT,WT,WT,WT,WT,WT,WT,ia5125,Ia5125
Ia5125B,7.88304,15290578560,1939680448,WT,WT,su1su1,WT,0,0,WT,WT,WT,WT,WT,WT,WT,ia5125b,Ia5125B
Ia5145,10.3057,20054646347,1945976144,WT,WT,su1su1,WT,0,0,WT,WT,WT,WT,WT,WT,WT,ia5145,Ia5145
Ia5220,11.5232,22355616465,1940052803,WT,WT*,su1su1,WT,0,0,WT,WT,WT,WT,WT,WT,WT,ia5220,Ia5220
Ia5261,8.71931,17341580773,1988870768,sh2sh2,WT*,su1su1,WT,0,1,0,1,0,0,WT,WT,WT,ia5261,Ia5261
Ia59,10.4057,20165726461,1937950014,WT,WT,su1su1,WT,0,0,WT,WT,WT,WT,WT,WT,WT,ia59,Ia59
IaEv191,8.25353,15732837290,1906194960,WT,WT*,su1su1,WT,0,0,WT,WT,WT,WT,WT,WT,WT,iaev191,IaEv191
IaEV3002,5.574,10294930427,1846955584,WT,WT*,su1su1,WT,0,0,WT,WT,WT,WT,WT,WT,WT,iaev3002,IaEV3002
IaEV3004,9.54076,18574971616,1946906915,sh2sh2,WT*,su1su1,WT,0,1,0,1,0,0,WT,WT,WT,iaev3004,IaEV3004
If825,8.37998,16256996648,1939980364,sh2sh2,sh2sh2,Het??,WT,0,0,WT,WT,WT,WT,WT,WT,WT,if825,If825
If853,7.31828,15003571869,2050150017,sh2sh2,sh2sh2,WT,WT,0,0,WT,WT,WT,WT,WT,WT,WT,if853,If853
Il101T,11.6469,22853007935,1962153701,WT,WT,su1su1,WT,0,0,WT,WT,WT,WT,WT,WT,WT,il101t,Il101T
IL103a,8.05916,15498846642,1923134252,WT,WT*,su1su1,WT,0,0,WT,WT,WT,WT,WT,WT,WT,il103a,IL103a
IL104g,4.56383,8565026537,1876719014,WT,WT,su1su1,WT,0,0,WT,WT,WT,WT,WT,WT,WT,il104g,IL104g
IL110K,12.3691,24619076111,1990369236,WT,WT,su1su1,WT,0,0,WT,WT,se1,WT,WT,WT,se1,il110k,IL110K
IL112t,6.97022,13304768340,1908801780,sh2sh2,WT*,su1su1,WT,0,1,0,1,0,0,WT,WT,se1,il112t,IL112t
IL1171,8.21141,16557398217,2016389173,WT,WT,su1su1,WT,0,0,WT,WT,WT,WT,WT,WT,WT,il1171,IL1171
IL11D,7.05115,13445368420,1906833413,WT,WT,su1su1,WT,0,0,WT,WT,WT,WT,WT,WT,WT,il11d,IL11D
IL124a,10.2886,20050569708,1948814193,WT,WT,su1su1,WT,0,0,WT,WT,WT,WT,WT,WT,WT,il124a,IL124a
IL125a,12.2422,24493955883,2000780569,WT,WT,su1su1,WT,0,0,WT,WT,WT,WT,WT,WT,WT,il125a,IL125a
IL13B,8.36468,16323082548,1951429409,WT,WT*,Het??,WT,0,0,WT,WT,WT,WT,WT,WT,WT,il13b,IL13B
IL14C,7.96004,15332142766,1926138910,sh2sh2,WT*,su1su1,WT,0,1,WT,WT,WT,WT,WT,WT,WT,il14c,IL14C
IL14H,7.81594,15046093575,1925052339,WT,WT,su1su1,WT,0,0,WT,WT,WT,WT,WT,WT,WT,il14h,IL14H
IL18b,7.4597,14239485810,1908855022,sh2sh2,WT*,su1su1,WT,0,1,0,1,0,0,WT,WT,WT,il18b,IL18b
IL200e,7.91192,15565210555,1967311418,WT,WT*,su1su1,WT,0,0,WT,WT,WT,WT,WT,WT,WT,il200e,IL200e
IL21f,6.73773,12789691454,1898219646,WT,WT,su1su1,WT,0,0,WT,WT,WT,WT,WT,WT,WT,il21f,IL21f
IL279AxRp1d,7.06759,13434098314,1900803289,WT,WT*,su1su1,WT,0,0,WT,WT,se1,WT,WT,WT,se1,il279axrp1d,IL279AxRp1d
IL27a,7.26081,13937806499,1919593888,WT,WT*,su1su1,WT,0,0,WT,WT,WT,WT,WT,WT,WT,il27a,IL27a
IL303b,6.46201,12242250044,1894495682,sh2sh2,WT*,su1su1,WT,0,1,0,1,0,0,WT,WT,se1,il303b,IL303b
IL318a,6.31583,11774357809,1864261357,WT,WT,su1su1,WT,0,0,WT,WT,WT,WT,WT,WT,WT,il318a,IL318a
IL31a,7.14649,13962609726,1953771673,WT,WT,su1su1,WT,0,0,WT,WT,se1,WT,WT,WT,se1,il31a,IL31a
IL325a,8.41736,16235726246,1928838287,WT,WT,su1su1,WT,0,0,WT,WT,se1,WT,WT,WT,se1,il325a,IL325a
IL328a,7.40718,14273692951,1927007708,WT,WT,su1su1,WT,0,0,WT,WT,WT,WT,WT,WT,WT,il328a,IL328a
IL354a,5.40996,9967534628,1842441465,WT,WT,su1su1,WT,0,0,WT,WT,se1,WT,WT,WT,se1,il354a,IL354a
IL366a,12.054,23809814264,1975262507,WT,WT,Het??,WT,0,0,WT,WT,se1,WT,WT,WT,se1,il366a,IL366a
IL368a,9.82656,19246348347,1958604878,WT,WT*,su1su1,WT,0,0,WT,WT,se1,WT,WT,WT,se1,il368a,IL368a
IL369b,5.82241,10928297053,1876937051,sh2-i,sh2-i,su1su1,WT,0,0,WT,WT,se1,WT,WT,WT,se1,il369b,IL369b
IL370a,8.84071,17206414492,1946270661,WT,WT*,su1su1,WT,0,0,WT,WT,se1,WT,WT,WT,se1,il370a,IL370a
IL393a,13.4138,26467986982,1973190817,sh2sh2,WT*,su1su1,WT,0,1,0,1,0,0,WT,WT,WT,il393a,IL393a
IL395a,9.59478,18481739463,1926228581,sh2sh2,WT*,su1su1,WT,0,1,0,1,0,0,WT,WT,WT,il395a,IL395a
IL430a,8.93387,17428958748,1950885646,sh2sh2,WT*,su1su1,WT,0,1,2,1,0,0,WT,WT,se1,il430a,IL430a
IL437a,8.34587,16298031027,1952825892,sh2sh2,sh2sh2,WT,WT,0,0,WT,WT,WT,WT,WT,WT,WT,il437a,IL437a
IL442a,8.39166,15748668135,1876704744,WT,WT,su1su1,WT,0,0,WT,WT,WT,WT,WT,WT,WT,il442a,IL442a
IL44b,7.08191,13518308015,1908850581,WT,WT*,Het??,WT,0,0,WT,WT,se1,WT,WT,WT,se1,il44b,IL44b
IL451b,7.93083,15248542885,1922691936,WT,WT,su1su1,WT,0,0,WT,WT,se1,WT,WT,WT,se1,il451b,IL451b
IL453b,7.08899,14687795119,2071916468,WT,WT,su1su1,WT,0,0,WT,WT,WT,WT,WT,WT,WT,il453b,IL453b
IL454a,7.47457,14356855390,1920760042,sh2sh2,WT*,su1su1,WT,0,1,0,1,0,0,WT,WT,se1,il454a,IL454a
IL465a,8.26418,16483604209,1994584364,WT,WT*,su1su1,WT,0,0,WT,WT,WT,WT,WT,WT,WT,il465a,IL465a
IL47A,7.67067,14673363835,1912918146,WT,WT*,su1su1,WT,0,0,WT,WT,WT,WT,WT,WT,WT,il47a,IL47A
IL515a,6.41422,12149551003,1894158760,sh2sh2,WT*,su1su1,WT,0,1,0,1,0,0,WT,WT,WT,il515a,IL515a
IL543c,9.29704,18375089921,1976445183,sh2sh2,WT*,su1su1,WT,0,1,0,1,0,0,WT,WT,WT,il543c,IL543c
IL545,8.26801,15998630578,1935003777,sh2sh2,WT*,su1su1,WT,0,1,WT,WT,WT,WT,WT,WT,WT,il545,IL545
IL557a,7.11493,13688297712,1923883680,sh2sh2,WT*,su1su1,WT,0,1,0,1,0,0,WT,WT,se1,il557a,IL557a
IL607a,6.80886,13100840069,1924087155,WT,WT*,su1su1,WT,0,0,WT,WT,WT,WT,WT,WT,WT,il607a,IL607a
IL611a,7.01343,13359247906,1904809474,WT,WT,su1su1,WT,0,0,WT,WT,se1,WT,WT,WT,se1,il611a,IL611a
IL615a,7.82685,15120397681,1931862458,WT,WT*,su1su1,WT,0,0,WT,WT,se1,WT,WT,WT,se1,il615a,IL615a
IL618b,7.70681,14757069376,1914809029,WT,WT*,Het??,WT,0,0,WT,WT,WT,WT,WT,WT,WT,il618b,IL618b
IL648,7.15708,13874002308,1938500381,sh2sh2,sh2sh2,WT,se1se1,0,0,se1,se1,se1,se1,se1,se1,se1,il648,IL648
IL661a,6.69812,12661389207,1890289993,WT,WT,su1su1,WT,0,0,WT,WT,WT,WT,WT,WT,WT,il661a,IL661a
IL671a,10.0555,20435036272,2032224780,WT,WT,Het??,WT,0,0,WT,WT,se1,WT,WT,WT,se1,il671a,IL671a
IL673a,9.26485,17868971136,1928684343,WT,WT*,WT,WT,1,0,0,0,WT,WT,WT,WT,WT,il673a,IL673a
IL676a,5.62711,10458145083,1858528638,sh2sh2,sh2sh2,WT,WT,0,0,WT,WT,WT,WT,WT,WT,WT,il676a,IL676a
IL677a,7.81764,14907691873,1906929952,sh2sh2,WT*,su1su1,WT,0,1,0,1,0,0,WT,WT,se1,il677a,IL677a
IL678a,7.83463,14827165589,1892516378,sh2sh2,WT*,su1su1,WT,0,1,0,1,0,0,WT,WT,se1,il678a,IL678a
IL689a,7.12172,13679264250,1920780970,WT,WT,su1su1,WT,0,0,WT,WT,se1,WT,WT,WT,se1,il689a,IL689a
IL692c,7.90621,15958811215,2018515979,WT,WT,su1su1,WT,0,0,WT,WT,se1,WT,WT,WT,se1,il692c,IL692c
IL696a,6.45598,12495140859,1935436736,sh2sh2,WT*,su1su1,se1se1,0,1,0,1,0,0,se1,se1,se1,il696a,IL696a
IL699e,6.31901,11919354066,1886269220,WT,WT*,su1su1,WT,0,0,WT,WT,WT,WT,WT,WT,WT,il699e,IL699e
IL7,7.3427,13803061789,1879834637,WT,WT*,su1su1,WT,0,0,WT,WT,se1,WT,WT,WT,se1,il7,IL7
IL701e,9.85453,19690699793,1998136876,WT,WT*,su1su1,WT,0,0,WT,WT,se1,WT,WT,WT,se1,il701e,IL701e
IL707a,8.63342,16394578167,1898966825,WT,WT,su1su1,WT,0,0,WT,WT,WT,WT,WT,WT,WT,il707a,IL707a
IL713a,7.06039,13512537207,1913851389,sh2sh2,WT*,su1su1,WT,0,1,0,1,0,0,WT,WT,WT,il713a,IL713a
IL729a,6.75806,13162840344,1947724694,WT,WT,su1su1,WT,0,0,WT,WT,se1,WT,WT,WT,se1,il729a,IL729a
IL731a,7.27,13636029144,1875657379,sh2sh2,sh2sh2,WT,WT,0,0,WT,WT,WT,WT,WT,WT,WT,il731a,IL731a
IL733a,6.83622,12867072513,1882191110,sh2sh2,WT*,su1su1,WT,0,1,0,1,0,0,WT,WT,se1,il733a,IL733a
IL744a,6.96785,13578900667,1948793482,sh2sh2,WT*,su1su1,se1se1,0,1,0,1,0,0,se1,se1,se1,il744a,IL744a
IL747b,6.93265,13143859957,1895935891,sh2sh2,WT*,su1su1,WT,0,1,WT,WT,se1,WT,WT,WT,se1,il747b,IL747b
IL751a,8.81645,17311729387,1963571436,WT,WT,su1su1,se1se1,0,0,se1,se1,se1,se1,se1,se1,se1,il751a,IL751a
IL755a,11.8703,23242278428,1958019463,sh2sh2,WT*,su1su1,se1se1,0,1,0,1,0,0,se1,se1,se1,il755a,IL755a
IL757b,11.0306,21665945683,1964167469,WT,WT,su1su1,WT,0,0,WT,WT,se1,WT,WT,WT,se1,il757b,IL757b
IL761a,10.0963,19680374606,1949266029,sh2sh2,WT*,su1su1,WT,0,1,0,1,0,0,WT,WT,se1,il761a,IL761a
IL764b,8.11193,16118071594,1986958910,sh2sh2,WT*,su1su1,WT,0,1,0,1,0,0,WT,se1,se1,il764b,IL764b
IL765a,11.0529,21652413592,1958980321,WT,WT,su1su1,se1se1,0,0,se1,se1,se1,se1,se1,se1,se1,il765a,IL765a
IL766a,9.98337,19328229215,1936042560,sh2sh2,WT*,su1su1,se1se1,0,1,0,1,0,0,se1,se1,se1,il766a,IL766a
IL767b,10.0902,19653045815,1947736003,WT,WT*,su1su1,se1se1,0,0,se1,se1,se1,se1,se1,se1,se1,il767b,IL767b
IL772a,8.92711,17343005789,1942734635,WT,WT*,su1su1,se1se1,0,0,se1,se1,se1,se1,se1,se1,se1,il772a,IL772a
IL773a,6.4679,12154502302,1879203807,sh2sh2,WT*,su1su1,WT,0,1,2,1,0,0,WT,WT,WT,il773a,IL773a
IL776a,8.06027,15525788023,1926211904,sh2sh2,WT*,su1su1,WT,0,1,0,1,0,0,WT,WT,se1,il776a,IL776a
IL777a,7.14569,13568622588,1898854077,WT,WT*,su1su1,se1se1,0,0,se1,se1,se1,se1,se1,se1,se1,il777a,IL777a
IL778c,7.42923,14086687355,1896116738,sh2sh2,WT*,su1su1,se1se1,0,1,0,1,0,0,se1,se1,se1,il778c,IL778c
IL778d,13.4085,26523047728,1978077170,sh2sh2,WT*,Het??,WT,0,0,WT,se1,se1,WT,WT,se1,se1,il778d,IL778d
IL779a,14.5137,28515140982,1964705139,sh2sh2,WT*,su1su1,se1se1,0,1,0,1,0,0,se1,se1,se1,il779a,IL779a
IL788a,6.59969,12349580852,1871236505,WT,WT*,su1su1,WT,0,0,WT,WT,WT,WT,WT,WT,WT,il788a,IL788a
IL789b,9.74753,18713901484,1919860876,sh2sh2,WT*,su1su1,WT,0,1,WT,WT,WT,WT,WT,WT,WT,il789b,IL789b
IL793a,8.42091,15996055450,1899563759,WT,WT,su1su1,WT,0,0,WT,WT,WT,WT,WT,WT,WT,il793a,IL793a
IL794a,7.05378,13990162766,1983356834,WT,WT,su1su1,WT,0,0,WT,WT,WT,WT,WT,WT,WT,il794a,IL794a
IL795a,9.10265,17906274782,1967149652,WT,WT*,su1su1,se1se1,0,0,se1,se1,se1,se1,se1,se1,se1,il795a,IL795a
IL796a,7.54798,14363013215,1902894975,sh2sh2,WT*,su1su1,WT,0,1,0,1,0,0,WT,se1,se1,il796a,IL796a
IL797a,6.55445,12268041328,1871711788,WT,WT,su1su1,WT,0,0,WT,WT,WT,WT,WT,WT,WT,il797a,IL797a
IL798c,10.436,20421030446,1956787126,sh2sh2,WT*,Het??,se1se1,0,0,se1,se1,se1,se1,se1,se1,se1,il798c,IL798c
IL799b,6.10031,11246425425,1843582609,sh2sh2,WT*,su1su1,se1se1,0,1,0,1,0,0,se1,se1,se1,il799b,IL799b
IL800a,9.72306,18800577854,1933607100,WT,WT,su1su1,WT,0,0,WT,WT,WT,WT,WT,WT,WT,il800a,IL800a
IL801a,6.40776,11845203936,1848571722,WT,WT,su1su1,WT,0,0,WT,WT,se1,WT,WT,WT,se1,il801a,IL801a
IL802b_Ht2,11.1503,21852945962,1959852736,sh2sh2,WT*,su1su1,WT,0,1,0,1,0,0,WT,se1,se1,il802bht2,IL802b_Ht2
IL803a,9.17537,17593818994,1917505124,sh2sh2,WT*,su1su1,se1se1,0,1,0,1,0,0,se1,se1,se1,il803a,IL803a
IL804aHTN,12.932,25344201171,1959805225,sh2sh2,WT*,su1su1,WT,0,1,0,1,0,0,WT,WT,WT,il804ahtn,IL804aHTN
IL86e,6.23083,11864261693,1904122194,WT,WT,su1su1,WT,0,0,WT,WT,se1,WT,WT,WT,se1,il86e,IL86e
IL91j,6.75889,13189535394,1951435131,WT,WT,su1su1,WT,0,0,WT,WT,WT,WT,WT,WT,WT,il91j,IL91j
ILB5765,5.9754,11659724639,1951287719,WT,WT*,su1su1,WT,0,0,WT,WT,WT,WT,WT,WT,WT,ilb5765,ILB5765
ILB5870,7.00712,13411684810,1914008153,WT,WT,su1su1,WT,0,0,WT,WT,WT,WT,WT,WT,WT,ilb5870,ILB5870
ILB6011,8.62613,16531542199,1916449462,WT,WT,su1su1,WT,0,0,WT,WT,WT,WT,WT,WT,WT,ilb6011,ILB6011
Ill101Q,7.77774,14828421344,1906520576,WT,WT,su1su1,WT,0,0,WT,WT,WT,WT,WT,WT,WT,ill101q,Ill101Q
Ind_5817,9.22227,17941246893,1945426331,sh2sh2,sh2sh2,WT,WT,0,0,WT,WT,WT,WT,WT,WT,WT,ind5817,Ind_5817
IP39,11.918,23999364102,2013707342,WT,WT,su1su1,WT,0,0,WT,WT,se1,WT,WT,WT,se1,ip39,IP39
Jubileeex9017,7.03976,13565491790,1926982140,WT,WT,su1su1,WT,0,0,WT,WT,WT,WT,WT,WT,WT,jubileeex9017,Jubileeex9017
K1-1-1-1-1-1-2-1-1-1,7.47952,14314299062,1913799156,sh2sh2,sh2sh2,WT,WT,0,0,WT,WT,se1,WT,WT,WT,se1,k1111112111,K1-1-1-1-1-1-2-1-1-1
K104-1,8.7077,16759535760,1924679968,sh2sh2,sh2sh2,WT,WT,0,0,WT,WT,se1,WT,WT,WT,se1,k1041,K104-1
K105-1-1-2-1-1,7.05208,13297036300,1885548136,sh2sh2,WT*,su1su1,WT,0,1,1,1,0,0,WT,WT,WT,k10511211,K105-1-1-2-1-1
K113-2-1-2-1-1,7.92657,15378821373,1940160924,sh2sh2,sh2sh2,WT,WT,0,0,WT,WT,se1,WT,WT,WT,se1,k11321211,K113-2-1-2-1-1
K115-11-1-1-1-1-1-1B-1,6.5778,12518168516,1903093514,sh2sh2,sh2sh2,WT,WT,0,0,WT,WT,se1,WT,WT,WT,se1,k11511111111b1,K115-11-1-1-1-1-1-1B-1
K120-1-1-1-1-1-2-1,7.57974,14491161076,1911828252,sh2sh2,WT*,WT,WT,0,0,WT,WT,WT,WT,WT,WT,WT,k1201111121,K120-1-1-1-1-1-2-1
K127-1-1-1-2-1-1-1-1,7.85445,15111741312,1923971928,sh2sh2,sh2sh2,WT,WT,0,0,WT,WT,WT,WT,WT,WT,WT,k12711121111,K127-1-1-1-2-1-1-1-1
K15-1(X9),7.52895,14305299672,1900039139,sh2sh2,sh2sh2,WT,WT,0,0,WT,WT,WT,WT,WT,WT,WT,k151(x9),K15-1(X9)
K164-1-1-1-1-1,6.53886,12500226196,1911682800,sh2sh2,sh2sh2,WT,WT,0,0,WT,WT,se1,WT,WT,WT,se1,k16411111,K164-1-1-1-1-1
K169-1-1-1-2-2,12.9873,26244308625,2020767105,sh2sh2,sh2sh2,WT,WT,0,0,WT,WT,WT,WT,WT,WT,WT,k16911122,K169-1-1-1-2-2
K192-1-1-1-1-1-1-1,7.94124,15350390469,1932996669,sh2sh2,sh2sh2,WT,WT,0,0,WT,WT,se1,WT,WT,WT,se1,k1921111111,K192-1-1-1-1-1-1-1
K43-1-1-1-1-1-1-1,8.7674,16889852728,1926438024,sh2sh2,sh2sh2,WT,WT,0,0,WT,se1,se1,WT,WT,se1,se1,k431111111,K43-1-1-1-1-1-1-1
K52-2-1-1-1-1,4.20527,6722010146,1598472903,sh2sh2,sh2sh2,WT,WT,0,0,WT,WT,WT,WT,WT,WT,WT,k5221111,K52-2-1-1-1-1
K88-2-1(x4)-2-1,7.48504,14323121424,1913566450,WT,WT,su1su1,WT,0,0,WT,WT,WT,WT,WT,WT,WT,k8821(x4)21,K88-2-1(x4)-2-1
L108-1-1-1-1-1-1,10.5089,20749167138,1974437585,sh2sh2,sh2sh2,WT,WT,0,0,WT,WT,WT,WT,WT,WT,WT,l108111111,L108-1-1-1-1-1-1
L108-2-1-1,8.90138,17428167489,1957917479,sh2sh2,sh2sh2,WT,WT,0,0,WT,WT,WT,WT,WT,WT,WT,l108211,L108-2-1-1
L125-1-1-1,11.1977,22405856324,2000933792,sh2sh2,sh2sh2,WT,WT,0,0,WT,WT,se1,WT,WT,WT,se1,l125111,L125-1-1-1
L17-1-1-1-1-1,4.78548,8587101379,1794407537,sh2sh2,sh2sh2,WT,WT,0,0,WT,WT,WT,WT,WT,WT,WT,l1711111,L17-1-1-1-1-1
L185-1-1-1-1-3-1,7.38026,14179581478,1921284816,sh2sh2,sh2sh2,Het??,WT,0,0,WT,WT,se1,WT,WT,WT,se1,l185111131,L185-1-1-1-1-3-1
L25-1-1-1-1-1,6.34535,12007535105,1892336137,sh2sh2,sh2sh2,WT,WT,0,0,WT,se1,se1,WT,WT,se1,se1,l2511111,L25-1-1-1-1-1
L48-1-1-1-1-1,5.66079,10459593784,1847726869,sh2sh2,sh2sh2,WT,se1se1,0,0,se1,se1,se1,se1,se1,se1,se1,l4811111,L48-1-1-1-1-1
Late_Mammoth,11.8444,24816222403,2095186114,WT,WT*,su1su1,WT,0,0,WT,WT,WT,WT,WT,WT,WT,latemammoth,Late_Mammoth
Luther_Hill,10.9368,21296303758,1947215251,WT,WT,su1su1,WT,0,0,WT,WT,WT,WT,WT,WT,WT,lutherhill,Luther_Hill
M126-1-1-1-2-2-3-1-2-1,7.488,14580038994,1947120592,sh2sh2,sh2sh2,su1su1,WT,0,1,1,0,WT,WT,WT,WT,WT,m126111223121,M126-1-1-1-2-2-3-1-2-1
M23,6.49433,12066095911,1857943146,WT,WT,su1su1,WT,0,0,WT,WT,WT,WT,WT,WT,WT,m23,M23
M31-1-1-1-1-1-1,9.14338,17863587294,1953718132,sh2sh2,sh2sh2,WT,WT,0,0,WT,WT,se1,WT,WT,WT,se1,m31111111,M31-1-1-1-1-1-1
M5,8.23813,15911339453,1931426119,WT,WT*,su1su1,WT,0,0,WT,WT,WT,WT,WT,WT,WT,m5,M5
M6388,11.1877,22771934432,2035443785,WT,WT,WT,WT,1,0,0,1,0,0,WT,WT,WT,m6388,M6388
M6411,10.9492,21284778121,1943957378,WT,WT,WT,WT,1,0,0,1,0,0,WT,WT,se1,m6411,M6411
M6421,11.8895,23268909216,1957097373,WT,WT,WT,WT,1,0,WT,WT,se1,WT,WT,WT,se1,m6421,M6421
M822,8.53707,16353931837,1915637547,WT,WT,su1su1,WT,0,0,WT,WT,WT,WT,WT,WT,WT,m822,M822
M90-1-1-1-2-2-1-1,12.7614,25170475488,1972391390,sh2sh2,sh2sh2,WT,WT,0,0,WT,WT,WT,WT,WT,WT,WT,m901112211,M90-1-1-1-2-2-1-1
Ma2402,5.4034,9930379862,1837802099,WT,WT,su1su1,WT,0,0,WT,WT,WT,WT,WT,WT,WT,ma2402,Ma2402
Ma32,7.50898,14854253801,1978198610,WT,WT,Het??,WT,0,0,WT,WT,WT,WT,WT,WT,WT,ma32,Ma32
Ma401,7.06877,13368762986,1891243170,WT,WT*,su1su1,WT,0,0,WT,WT,WT,WT,WT,WT,WT,ma401,Ma401
Ma5125,11.2837,22229722638,1970073880,WT,WT,su1su1,WT,0,0,WT,WT,se1,WT,WT,WT,se1,ma5125,Ma5125
Ma83608,8.10497,15469644945,1908661592,WT,WT,su1su1,WT,0,0,WT,WT,WT,WT,WT,WT,WT,ma83608,Ma83608
Maiz_Amarilla_Evergreen,7.41055,14531252233,1960887145,WT,WT*,su1su1,WT,0,0,WT,WT,WT,WT,WT,WT,WT,maizamarillaevergreen,Maiz_Amarilla_Evergreen
MDM_1,7.16758,13479434393,1880611642,sh2sh2,WT*,su1su1,WT,0,1,0,1,0,0,WT,WT,WT,mdm1,MDM_1
MDM_12,7.15169,13255315998,1853452261,WT,WT,su1su1,WT,0,0,WT,WT,WT,WT,WT,WT,WT,mdm12,MDM_12
MDM_15,6.15904,11433948503,1856449788,sh2sh2,WT*,su1su1,WT,0,1,0,1,0,0,WT,WT,WT,mdm15,MDM_15
MDM_16,9.05616,17553830550,1938330435,WT,WT,su1su1,WT,0,0,WT,WT,WT,WT,WT,WT,WT,mdm16,MDM_16
MDM_18,7.15636,13587977139,1898727445,WT,WT,su1su1,WT,0,0,WT,WT,WT,WT,WT,WT,WT,mdm18,MDM_18
MDM_19,13.6004,26996388495,1984970184,WT,WT,su1su1,WT,0,0,WT,WT,WT,WT,WT,WT,WT,mdm19,MDM_19
MDM_2,11.9323,23197311440,1944077122,WT,WT*,su1su1,WT,0,0,WT,WT,WT,WT,WT,WT,WT,mdm2,MDM_2
MDM_20,10.8958,21197629013,1945486244,WT,WT,su1su1,WT,0,0,WT,WT,WT,WT,WT,WT,WT,mdm20,MDM_20
MDM_21,11.253,21853582890,1942022829,WT,WT,su1su1,WT,0,0,WT,WT,WT,WT,WT,WT,WT,mdm21,MDM_21
MDM_23,8.58891,16294854579,1897197034,WT,WT,su1su1,WT,0,0,WT,WT,WT,WT,WT,WT,WT,mdm23,MDM_23
MDM_6,7.65537,14337002082,1872803285,WT,WT,su1su1,WT,0,0,WT,WT,WT,WT,WT,WT,WT,mdm6,MDM_6
MDM_8,7.17842,13370607353,1862611459,WT,WT,su1su1,WT,0,0,WT,WT,WT,WT,WT,WT,WT,mdm8,MDM_8
MDM_9,8.98718,17365492939,1932251601,sh2sh2,WT*,su1su1,WT,0,1,0,1,0,0,WT,WT,WT,mdm9,MDM_9
MDM-1,7.83876,15496867300,1976953919,WT,WT,su1su1,WT,0,0,WT,WT,WT,WT,WT,WT,WT,mdm1,MDM-1
MDM-5,6.09591,11370964827,1865343292,WT,WT*,su1su1,WT,0,0,WT,WT,WT,WT,WT,WT,WT,mdm5,MDM-5
Me1,5.73875,11189385416,1949794888,WT,WT*,su1su1,WT,0,0,WT,WT,WT,WT,WT,WT,WT,me1,Me1
Me100,11.7556,22976252568,1954494247,WT,WT,su1su1,WT,0,0,WT,WT,WT,WT,WT,WT,WT,me100,Me100
Me121_wb,7.01158,13843554358,1974384427,WT,WT*,su1su1,WT,0,0,WT,WT,se1,WT,WT,WT,se1,me121wb,Me121_wb
Me121Wa,8.49218,16229847645,1911152101,WT,WT,su1su1,WT,0,0,WT,WT,WT,WT,WT,WT,WT,me121wa,Me121Wa
Me123,8.33337,15942239749,1913060352,WT,WT,su1su1,WT,0,0,WT,WT,WT,WT,WT,WT,WT,me123,Me123
Me135,10.509,20611879601,1961354991,WT,WT*,su1su1,WT,0,0,WT,WT,se1,WT,WT,WT,se1,me135,Me135
Me2,10.8274,21237332108,1961443385,WT,WT,su1su1,WT,0,0,WT,WT,se1,WT,WT,WT,se1,me2,Me2
Me244Wa,6.77071,13551447323,2001480985,WT,WT*,su1su1,WT,0,0,WT,WT,WT,WT,WT,WT,WT,me244wa,Me244Wa
Me244Wb,9.73047,18749100806,1926844315,WT,WT*,su1su1,WT,0,0,WT,WT,WT,WT,WT,WT,WT,me244wb,Me244Wb
Me2rt,7.45377,14380208618,1929253065,WT,WT,su1su1,WT,0,0,WT,WT,se1,WT,WT,WT,se1,me2rt,Me2rt
Mexican_Dent_sh2,4.56791,8463338774,1852781420,WT,WT,WT,WT,1,0,1,0,0,0,WT,WT,WT,mexicandentsh2,Mexican_Dent_sh2
Millersburg_Red_Sweet_No2,7.53505,14699069088,1950759330,WT,WT,su1su1,WT,0,0,WT,WT,WT,WT,WT,WT,WT,millersburgredsweetno2,Millersburg_Red_Sweet_No2
Mo17su_su,7.32313,13548873681,1850147912,WT,WT*,su1su1,WT,0,0,WT,WT,WT,WT,WT,WT,WT,mo17susu,Mo17su_su
Moencopi_Pueblo,7.57016,14302455315,1889320082,WT,WT,su1_SW?,WT,0,0,WT,WT,WT,WT,WT,WT,WT,moencopipueblo,Moencopi_Pueblo
MR10,5.644,10193450025,1806068396,WT,WT*,WT,WT,1,0,0,0,0,0,WT,WT,WT,mr10,MR10
MR14,7.41945,13929686853,1877455452,WT,WT*,WT,WT,1,0,0,0,0,0,WT,WT,WT,mr14,MR14
MSR_su,9.72251,18749571654,1928470287,WT,WT,su1su1,WT,0,0,WT,WT,WT,WT,WT,WT,WT,msrsu,MSR_su
N11-1-2-1-1-1-1-1-1-1,5.1406,9753324872,1897312546,WT,WT,WT,WT,1,0,1,0,0,0,WT,WT,se1,n11121111111,N11-1-2-1-1-1-1-1-1-1
N120-1-X-1-1-1-1-1-3,6.42356,12148330312,1891214578,sh2sh2,sh2sh2,su1su1,se1se1,0,1,2,2,0,0,se1,se1,se1,n1201x111113,N120-1-X-1-1-1-1-1-3
N12A-1,8.44201,16275650386,1927935454,sh2sh2,sh2sh2,su1su1,se1se1,0,1,1,1,0,0,se1,se1,se1,n12a1,N12A-1
N132A-1,10.3228,20292170107,1965762207,sh2sh2,sh2sh2,Het??,WT,0,0,WT,se1,se1,WT,WT,se1,se1,n132a1,N132A-1
N142A-1,7.5417,14459931571,1917330518,sh2sh2,sh2sh2,WT,WT,0,0,WT,se1,se1,WT,WT,se1,se1,n142a1,N142A-1
N38-2-1-1-1-1-1-1,6.94148,13239700607,1907331089,sh2sh2,sh2sh2,WT,se1se1,0,0,se1,se1,se1,se1,se1,se1,se1,n382111111,N38-2-1-1-1-1-1-1
N45A-1,5.96911,11374143513,1905500738,sh2sh2,sh2sh2,su1su1,WT,0,1,1,2,0,0,WT,WT,WT,n45a1,N45A-1
N46A-1,8.09115,15559245626,1922995572,sh2sh2,sh2sh2,WT,WT,0,0,WT,WT,WT,WT,WT,WT,WT,n46a1,N46A-1
N72A-1,7.86163,14980832126,1905563112,sh2sh2,sh2sh2,WT,WT,0,0,WT,WT,WT,WT,WT,WT,WT,n72a1,N72A-1
N7C-1,8.45722,17053415888,2016432810,sh2sh2,sh2sh2,Het??,WT,0,0,WT,WT,WT,WT,WT,WT,WT,n7c1,N7C-1
N99-1-1-1-1-1-1-1,8.19923,15850609012,1933182630,sh2sh2,sh2sh2,WT,WT,0,0,WT,WT,WT,WT,WT,WT,WT,n991111111,N99-1-1-1-1-1-1-1
Narino_430,9.21262,17757695321,1927540192,WT,WT*,WT,WT,1,0,0,1,0,1,WT,WT,WT,narino430,Narino_430
ND1,8.26717,15394158487,1862083214,WT,WT,WT,WT,1,0,0,1,WT,WT,WT,WT,WT,nd1,ND1
NE_EDR_sh2,8.96883,17176459364,1915128212,sh2sh2,sh2sh2,su1su1,se1se1,0,1,1,0,0,0,se1,se1,WT,needrsh2,NE_EDR_sh2
NE_HY_13A,8.40253,16589697576,1974369336,WT,WT*,su1su1,WT,0,0,WT,WT,WT,WT,WT,WT,WT,nehy13a,NE_HY_13A
NE_HY_13b,7.87092,15293214584,1943002163,WT,WT,su1su1,WT,0,0,WT,WT,WT,WT,WT,WT,WT,nehy13b,NE_HY_13b
NJ112,8.37957,16239472343,1937983971,WT,WT,su1su1,WT,0,0,WT,WT,WT,WT,WT,WT,WT,nj112,NJ112
NJ116Wa,7.3211,13940591192,1904166203,WT,WT,su1su1,WT,0,0,WT,WT,WT,WT,WT,WT,WT,nj116wa,NJ116Wa
NJ116Wb,8.86541,17165040650,1936181254,WT,WT,su1su1,WT,0,0,WT,WT,WT,WT,WT,WT,WT,nj116wb,NJ116Wb
NJ159,6.63619,12521824998,1886899712,WT,WT,su1su1,WT,0,0,WT,WT,WT,WT,WT,WT,WT,nj159,NJ159
NJ618,12.0288,23922718759,1988786808,WT,WT*,Het??,WT,0,0,WT,WT,WT,WT,WT,WT,WT,nj618,NJ618
NJ7Y,10.8266,20785853183,1919887424,WT,WT,su1su1,WT,0,0,WT,WT,WT,WT,WT,WT,WT,nj7y,NJ7Y
No_156,6.54593,13048959477,1993446229,WT,WT*,su1su1,WT,0,0,WT,WT,WT,WT,WT,WT,WT,no156,No_156
No_1577,7.18523,13840991788,1926311585,WT,WT,su1su1,WT,0,0,WT,WT,WT,WT,WT,WT,WT,no1577,No_1577
North_Dakota_Yellow_Sweet_Bulk,8.45528,16291296200,1926760107,WT,WT*,su1su1,WT,0,0,WT,WT,WT,WT,WT,WT,WT,northdakotayellowsweetbulk,North_Dakota_Yellow_Sweet_Bulk
Northrup_King_Strain9316,6.67072,13346125221,2000702356,WT,WT*,su1su1,WT,0,0,WT,WT,se1,WT,WT,WT,se1,northrupkingstrain9316,Northrup_King_Strain9316
Nueta,12.955,25910518320,2000040009,WT,WT,su1-Nueta?,WT,0,0,WT,WT,WT,WT,WT,WT,WT,nueta,Nueta
Nueta_Sweet_Corn,6.20334,11784291945,1899668879,WT,WT,su1-Nueta?,WT,0,0,WT,WT,WT,WT,WT,WT,WT,nuetasweetcorn,Nueta_Sweet_Corn
OH43_sh2,6.5264,11782331858,1805334006,WT,WT,WT,WT,1,0,1,0,0,0,WT,WT,WT,oh43sh2,OH43_sh2
Oh43_su,8.94032,16815900763,1880905914,WT,WT,su1su1,WT,0,0,WT,WT,WT,WT,WT,WT,WT,oh43su,Oh43_su
Olcott,9.84457,19043327332,1934399098,WT,WT,su1su1,WT,0,0,WT,WT,WT,WT,WT,WT,WT,olcott,Olcott
Oregon_Evergreen-2,8.08378,16034294921,1983514509,sh2sh2,WT*,su1su1,WT,0,1,0,1,0,0,WT,WT,WT,oregonevergreen2,Oregon_Evergreen-2
P35,11.1854,22292243029,1992976830,WT,WT,su1su1,WT,0,0,WT,WT,WT,WT,WT,WT,WT,p35,P35
P39,7.18085,13839838034,1927325878,WT,WT*,su1su1,WT,0,0,WT,WT,WT,WT,WT,WT,WT,p39,P39
P39Goodman-Buckler,9.82406,19603058259,1995413124,WT,WT*,su1su1,WT,0,0,WT,WT,se1,WT,WT,WT,se1,p39goodmanbuckler,P39Goodman-Buckler
P39M96,12.6225,25246425362,2000112922,WT,WT,su1su1,WT,0,0,WT,WT,se1,WT,WT,WT,se1,p39m96,P39M96
P39xRp1d,11.1331,22303767029,2003374355,WT,WT,su1su1,WT,0,0,WT,WT,se1,WT,WT,WT,se1,p39xrp1d,P39xRp1d
P51,9.90058,19375989112,1957055962,WT,WT,su1su1,WT,0,0,WT,WT,WT,WT,WT,WT,WT,p51,P51
P51wx,9.16158,17707169734,1932763752,WT,WT,su1su1,WT,0,0,WT,WT,WT,WT,WT,WT,WT,p51wx,P51wx
P51xRp1d,8.90723,17029274233,1911848491,WT,WT*,su1su1,WT,0,0,WT,WT,WT,WT,WT,WT,WT,p51xrp1d,P51xRp1d
P737M20,9.7054,18647737984,1921377582,sh2sh2,WT*,su1su1,WT,0,1,0,1,0,0,WT,WT,WT,p737m20,P737M20
PAIA_453,6.56283,13407319888,2042917444,WT,WT,WT,WT,1,0,2,2,0,0,WT,WT,WT,paia453,PAIA_453
Pease_Crosby_Sweet_Corn,8.32143,16589791985,1993622729,WT,WT*,Het??,WT,0,0,WT,WT,WT,WT,WT,WT,WT,peasecrosbysweetcorn,Pease_Crosby_Sweet_Corn
R839,8.82104,17946121984,2034467816,sh2sh2,sh2sh2,Het??,WT,0,0,WT,WT,WT,WT,WT,WT,WT,r839,R839
R851,5.31829,9916128220,1864533190,sh2sh2,sh2sh2,WT,WT,0,0,WT,WT,WT,WT,WT,WT,WT,r851,R851
R853,9.39801,19409790937,2065308607,sh2sh2,sh2sh2,WT,WT,0,0,WT,WT,WT,WT,WT,WT,WT,r853,R853
Ranniaya_Zolotaya_401,9.8103,19247662931,1961985151,WT,WT*,su1su1,WT,0,0,WT,WT,WT,WT,WT,WT,WT,ranniayazolotaya401,Ranniaya_Zolotaya_401
Raza_Maiz_Dulce,8.16292,15454287024,1893230244,WT,WT,su1su1,WT,0,0,WT,WT,WT,WT,WT,WT,WT,razamaizdulce,Raza_Maiz_Dulce
Red_NCLB,9.67595,18995832577,1963200779,WT,WT*,su1su1,WT,0,0,WT,WT,WT,WT,WT,WT,WT,rednclb,Red_NCLB
Rhode_Island_Sweet,6.30781,12054571657,1911054971,WT,WT,su1su1,WT,0,0,WT,WT,se1,WT,WT,WT,se1,rhodeislandsweet,Rhode_Island_Sweet
S4,6.64648,12958421772,1949666857,WT,WT,su1su1,WT,0,0,WT,WT,WT,WT,WT,WT,WT,s4,S4
S43,5.65688,10417785914,1841613383,WT,WT,su1su1,WT,0,0,WT,WT,WT,WT,WT,WT,WT,s43,S43
S8,8.95019,17330281154,1936303157,WT,WT,su1su1,WT,0,0,WT,WT,WT,WT,WT,WT,WT,s8,S8
SC1441,6.96545,13440811751,1929640117,sh2sh2,sh2sh2,WT,WT,0,0,WT,WT,se1,WT,WT,WT,se1,sc1441,SC1441
SC6069,5.05889,9331306815,1844536413,sh2sh2,sh2sh2,WT,WT,0,0,WT,WT,WT,WT,WT,WT,WT,sc6069,SC6069
SD176,7.40652,13857431317,1870977371,WT,WT,su1su1,WT,0,0,WT,WT,WT,WT,WT,WT,WT,sd176,SD176
SD226,12.4127,24311616312,1958608225,WT,WT,su1su1,WT,0,0,WT,WT,WT,WT,WT,WT,WT,sd226,SD226
SD277,6.5917,12684807484,1924360557,WT,WT*,su1su1,WT,0,0,WT,WT,WT,WT,WT,WT,WT,sd277,SD277
SD42,9.74259,19094996742,1959950767,WT,WT,su1su1,WT,0,0,WT,WT,WT,WT,WT,WT,WT,sd42,SD42
SD469,6.92442,13395830453,1934577980,WT,WT,su1su1,WT,0,0,WT,WT,WT,WT,WT,WT,WT,sd469,SD469
SD592,12.5998,25162960741,1997092076,WT,WT*,su1su1,WT,0,0,WT,WT,WT,WT,WT,WT,WT,sd592,SD592
SD789,10.9914,21693371207,1973667704,WT,WT*,su1su1,WT,0,0,WT,WT,se1,WT,WT,WT,se1,sd789,SD789
SD829,6.60826,12490218564,1890091880,WT,WT,su1su1,WT,0,0,WT,WT,WT,WT,WT,WT,WT,sd829,SD829
SD883,7.09228,13832955496,1950424334,WT,WT,su1su1,WT,0,0,WT,WT,WT,WT,WT,WT,WT,sd883,SD883
SD884,7.18031,13887657370,1934130611,WT,WT,su1su1,WT,0,0,WT,WT,WT,WT,WT,WT,WT,sd884,SD884
SD908,6.70477,12940968359,1930113689,WT,WT,su1su1,WT,0,0,WT,WT,WT,WT,WT,WT,WT,sd908,SD908
SD909,6.73883,13106961711,1944990705,WT,WT,su1su1,WT,0,0,WT,WT,se1,WT,WT,WT,se1,sd909,SD909
Selection_from_231227,8.60324,17030912773,1979592894,WT,WT,su1su1,WT,0,0,WT,WT,WT,WT,WT,WT,WT,selectionfrom231227,Selection_from_231227
Separation_from_170882,6.2021,11578859029,1866925562,WT,WT,WT,WT,1,0,1,0,0,0,WT,WT,WT,separationfrom170882,Separation_from_170882
Separation_from_177107,12.9848,25866614100,1992068734,WT,WT,su1su1,WT,0,0,WT,WT,WT,WT,WT,WT,WT,separationfrom177107,Separation_from_177107
Separation_from_177589,7.97683,15012755482,1882045309,WT,WT,su1su1,WT,0,0,WT,WT,WT,WT,WT,WT,WT,separationfrom177589,Separation_from_177589
Separation_from_177604,5.96138,11134229071,1867726780,sh2sh2,sh2sh2,WT,WT,0,0,WT,WT,WT,WT,WT,WT,WT,separationfrom177604,Separation_from_177604
Separation_from_177642,8.03334,15607695949,1942865103,WT,WT,su1su1,WT,0,0,WT,WT,WT,WT,WT,WT,WT,separationfrom177642,Separation_from_177642
Separation_from_183739,7.9308,15044084116,1896918863,WT,WT,su1su1,WT,0,0,WT,WT,WT,WT,WT,WT,WT,separationfrom183739,Separation_from_183739
Separation_from_183742,9.91935,19800933734,1996192667,WT,WT,su1su1,WT,0,0,WT,WT,WT,WT,WT,WT,WT,separationfrom183742,Separation_from_183742
Separation_from_204812,8.83574,17501967383,1980815119,WT,WT,su1su1,WT,0,0,WT,WT,WT,WT,WT,WT,WT,separationfrom204812,Separation_from_204812
Separation_from_212335,9.1563,18065200931,1972980454,WT,WT*,su1su1,WT,0,0,WT,WT,WT,WT,WT,WT,WT,separationfrom212335,Separation_from_212335
Sh2-m1_plus,10.6536,21390650984,2007833125,WT,WT,Het??,WT,0,0,WT,WT,WT,WT,WT,WT,WT,sh2m1plus,Sh2-m1_plus
Silver_9,9.63685,18511250941,1920881921,WT,WT,WT,WT,1,0,0,0,WT,WT,WT,WT,WT,silver9,Silver_9
Slatka_Pukanka,8.35636,16649383964,1992420619,WT,WT,su1su1,WT,0,0,WT,WT,WT,WT,WT,WT,WT,slatkapukanka,Slatka_Pukanka
Sonora_108,11.3491,22154960071,1952133656,WT,WT,su1_SW?,WT,0,0,WT,WT,WT,WT,WT,WT,WT,sonora108,Sonora_108
Sonora_124,7.37154,13442933781,1823626241,WT,WT,su1_SW?,WT,0,0,WT,WT,WT,WT,WT,WT,WT,sonora124,Sonora_124
Sonora_22,12.1095,23219667965,1917475368,WT,WT,su1_SW?,WT,0,0,WT,WT,WT,WT,WT,WT,WT,sonora22,Sonora_22
Sonora_57,7.75564,14513733435,1871377918,WT,WT,WT,WT,1,0,0,1,0,0,WT,WT,WT,sonora57,Sonora_57
Stowels_Evergreen,8.23185,16494099256,2003692883,WT,WT,su1su1,WT,0,0,WT,WT,WT,WT,WT,WT,WT,stowelsevergreen,Stowels_Evergreen
Strain_T32_397_68r,6.70026,12687702616,1893613474,sh2sh2,WT*,su1su1,WT,0,1,0,1,0,0,WT,WT,WT,straint3239768r,Strain_T32_397_68r
STRAIN11D-586-68A,10.8937,21302106317,1955451896,WT,WT,su1su1,WT,0,0,WT,WT,WT,WT,WT,WT,WT,strain11d58668a,STRAIN11D-586-68A
STRAIN18B-5-69,8.84428,17213307596,1946264433,WT,WT*,su1su1,WT,0,0,WT,WT,se1,WT,WT,WT,se1,strain18b569,STRAIN18B-5-69
STRAIN304A-408-68B,9.30798,18164005044,1951444357,sh2sh2,WT*,su1su1,WT,0,1,0,1,0,0,WT,WT,WT,strain304a40868b,STRAIN304A-408-68B
STRAIN451B-4-68B,7.24412,13946561409,1925225067,WT,WT,WT,WT,1,0,WT,WT,WT,WT,WT,WT,WT,strain451b468b,STRAIN451B-4-68B
STRAIN675A-415-68B,8.0055,15353390727,1917855315,WT,WT,su1su1,WT,0,0,WT,WT,WT,WT,WT,WT,WT,strain675a41568b,STRAIN675A-415-68B
STRAINT20-2-68B,6.36802,12010774791,1886108208,sh2sh2,WT*,su1su1,WT,0,1,0,1,0,0,WT,WT,WT,straint20268b,STRAINT20-2-68B
STRAINT24-395-68B,7.5743,14574408198,1924192097,sh2sh2,WT*,su1su1,WT,0,1,0,1,0,0,WT,WT,WT,straint2439568b,STRAINT24-395-68B
STRAINT32-397-68B,10.9623,21474416495,1958933481,sh2sh2,WT*,su1su1,WT,0,1,0,1,0,0,WT,WT,WT,straint3239768b,STRAINT32-397-68B
STRAINT33-399-68B,9.51794,18629125627,1957264453,sh2sh2,WT*,su1su1,WT,0,1,0,1,0,0,WT,WT,se1,straint3339968b,STRAINT33-399-68B
STRAINT35-388-68A,9.69813,19248968732,1984812405,WT,WT,su1su1,WT,0,0,WT,WT,WT,WT,WT,WT,WT,straint3538868a,STRAINT35-388-68A
STRAINT36101T-394-68,8.18215,15730135314,1922494126,sh2sh2,WT*,su1su1,WT,0,1,0,1,0,0,WT,WT,WT,straint36101t39468,STRAINT36101T-394-68
Sunshine,6.28668,11875957511,1889066647,WT,WT*,su1su1,WT,0,0,WT,se1,se1,WT,WT,se1,se1,sunshine,Sunshine
SYN2sh2,7.56156,15014019029,1985571632,sh2sh2,sh2sh2,WT,WT,0,0,WT,WT,WT,WT,WT,WT,WT,syn2sh2,SYN2sh2
T-24-56-ILL,6.21243,11936864156,1921448476,sh2sh2,sh2sh2,WT,WT,0,0,WT,WT,WT,WT,WT,WT,WT,t2456ill,T-24-56-ILL
T625,11.2455,21663998096,1926459303,WT,WT,su1su1,WT,0,0,WT,WT,WT,WT,WT,WT,WT,t625,T625
T64S,5.36879,10237620143,1906876623,sh2sh2,WT*,su1su1,WT,0,1,0,1,0,0,WT,WT,WT,t64s,T64S
Tawaktci,9.87163,19100710501,1934909483,sh2sh2,sh2sh2,WT,WT,0,0,WT,WT,WT,WT,WT,WT,WT,tawaktci,Tawaktci
Tesuque_Pueblo,10.6952,22089323108,2065349232,WT,WT*,Het??,WT,0,0,WT,WT,WT,WT,WT,WT,WT,tesuquepueblo,Tesuque_Pueblo
UFI2EDbt1-1,10.1397,20230860981,1995212973,sh2sh2,sh2sh2,WT,WT,0,0,WT,WT,WT,WT,WT,WT,WT,ufi2edbt11,UFI2EDbt1-1
UFI9EC,10.1836,19992848335,1963239752,sh2sh2,sh2sh2,WT,WT,0,0,WT,WT,se1,WT,WT,WT,se1,ufi9ec,UFI9EC
V775,6.69236,12935047527,1932808087,sh2sh2,sh2sh2,WT,WT,0,0,WT,se1,se1,WT,WT,se1,se1,v775,V775
V781,11.5987,23058297885,1988007094,WT,WT,Het??,WT,0,0,WT,WT,WT,WT,WT,WT,WT,v781,V781
VIA5492,5.74871,11007779833,1914826080,sh2sh2,WT*,su1su1,WT,0,1,0,1,0,0,WT,WT,WT,via5492,VIA5492
VIII_221,7.61062,14524409178,1908439677,WT,WT*,WT,WT,1,0,0,0,0,0,WT,WT,WT,VIII/221,VIII/221
Vineland576,6.97928,13177085591,1888029366,WT,WT,su1su1,WT,0,0,WT,WT,WT,WT,WT,WT,WT,vineland576,Vineland576
W22wx1,12.3867,23724312738,1915305347,WT,WT,WT,WT,1,0,0,0,0,0,WT,WT,WT,w22wx1,W22wx1
W23ae1,11.0707,21083705363,1904460004,sh2sh2,WT*,WT,WT,0,0,WT,WT,WT,WT,WT,WT,WT,w23ae1,W23ae1
W3607,8.81576,17152644186,1945679577,WT,WT*,su1su1,WT,0,0,WT,WT,se1,WT,WT,WT,se1,w3607,W3607
W3647,10.182,19680259861,1932848150,WT,WT*,su1su1,WT,0,0,WT,WT,WT,WT,WT,WT,WT,w3647,W3647
W3722,6.63801,13131316402,1978200756,WT,WT,Het??,WT,0,0,WT,WT,WT,WT,WT,WT,WT,w3722,W3722
W3742,7.10372,13607495589,1915545037,WT,WT,su1su1,WT,0,0,WT,se1,WT,WT,WT,se1,WT,w3742,W3742
W5543,6.46703,12394443627,1916558857,WT,WT,su1su1,WT,0,0,WT,WT,se1,WT,WT,WT,se1,w5543,W5543
W5552,8.19276,15852914933,1934990764,WT,WT,su1su1,WT,0,0,WT,WT,WT,WT,WT,WT,WT,w5552,W5552
W5579,11.1191,21937207444,1972930133,WT,WT,su1su1,WT,0,0,WT,WT,WT,WT,WT,WT,WT,w5579,W5579
W6366,5.48434,10745969697,1959391594,WT,WT,su1su1,WT,0,0,WT,WT,WT,WT,WT,WT,WT,w6366,W6366
W6462,7.79865,14846741871,1903757942,WT,WT,su1su1,WT,0,0,WT,WT,WT,WT,WT,WT,WT,w6462,W6462
W64A,11.2084,21635185533,1930265295,WT,WT,WT,WT,1,0,0,0,0,0,WT,WT,WT,w64a,W64A
W64Abt2,6.52312,11867178765,1819248882,WT,WT,WT,WT,1,0,0,0,0,0,WT,WT,WT,w64abt2,W64Abt2
W64Asu2,10.9072,20288735842,1860123207,WT,WT,WT,WT,1,0,0,0,0,0,WT,WT,WT,w64asu2,W64Asu2
W6714,7.96973,15517562901,1947062561,WT,WT,su1su1,WT,0,0,WT,WT,WT,WT,WT,WT,WT,w6714,W6714
W6720_2,7.04754,13786436624,1956205516,WT,WT,su1su1,WT,0,0,WT,WT,WT,WT,WT,WT,WT,w67202,W6720_2
W6720-1,10.462,20915017524,1999141419,WT,WT,su1su1,WT,0,0,WT,WT,WT,WT,WT,WT,WT,w67201,W6720-1
W6728,5.6081,10798023907,1925433553,WT,WT,su1su1,WT,0,0,WT,WT,se1,WT,WT,WT,se1,w6728,W6728
W6757,13.2639,27827652262,2097999251,WT,WT,su1su1,WT,0,0,WT,WT,WT,WT,WT,WT,WT,w6757,W6757
W6786,11.1732,22004281052,1969380397,WT,WT,su1su1,WT,0,0,WT,WT,WT,WT,WT,WT,WT,w6786,W6786
W7151,7.9648,15269237248,1917089851,WT,WT,su1su1,WT,0,0,WT,WT,se1,WT,WT,WT,se1,w7151,W7151
W822Gse,12.3752,24464022079,1976858724,WT,WT,su1su1,se1se1,0,0,se1,se1,se1,se1,se1,se1,se1,w822gse,W822Gse
W85,11.5867,22327479980,1926992153,WT,WT,WT,WT,1,0,0,0,0,0,WT,WT,WT,w85,W85
We01407,6.39008,11954235194,1870748910,sh2sh2,WT*,su1su1,WT,0,1,0,1,0,0,WT,se1,se1,we01407,We01407
We02404,6.31887,11925650716,1887307496,WT,WT*,su1su1,se1se1,0,0,se1,se1,se1,se1,se1,se1,se1,we02404,We02404
We02406,12.2316,24160854168,1975281580,WT,WT*,su1su1,WT,0,0,WT,se1,se1,WT,WT,se1,se1,we02406,We02406
We02412,7.31509,13919205315,1902807117,sh2sh2,sh2sh2,WT,se1se1,0,0,se1,se1,se1,se1,se1,se1,se1,we02412,We02412
We03418a,9.40641,18439949467,1960359953,WT,WT,su1su1,se1se1,0,0,se1,se1,se1,se1,se1,se1,se1,we03418a,We03418a
We04401,8.74095,16888858579,1932153665,WT,WT,su1su1,WT,0,0,WT,se1,se1,WT,WT,se1,se1,we04401,We04401
we04806,7.42647,14408740281,1940186964,WT,WT,su1su1,WT,0,0,WT,se1,se1,WT,WT,se1,se1,we04806,we04806
we04819,7.10252,13614163171,1916807439,WT,WT*,su1su1,WT,0,0,WT,se1,se1,WT,WT,se1,se1,we04819,we04819
We05401,11.1345,21992901969,1975203374,WT,WT,su1su1,WT,0,0,WT,se1,se1,WT,WT,se1,se1,we05401,We05401
we05407,11.431,22462800187,1965077437,WT,WT,su1su1,se1se1,0,0,se1,se1,se1,se1,se1,se1,se1,we05407,we05407
We05408,13.8411,27596791761,1993829375,WT,WT,su1su1,WT,0,0,WT,WT,WT,WT,WT,WT,WT,we05408,We05408
we05410,8.47029,16367395089,1932329954,WT,WT,su1su1,se1se1,0,0,se1,se1,se1,se1,se1,se1,se1,we05410,we05410
We05411,13.4506,26720089656,1986535148,WT,WT,Het??,se1se1,0,0,se1,se1,se1,se1,se1,se1,se1,we05411,We05411
We06409a,9.99118,19802933802,1982041541,WT,WT,su1su1,se1se1,0,0,se1,se1,se1,se1,se1,se1,se1,we06409a,We06409a
We06410,13.5313,26921541460,1989575389,WT,WT,su1su1,WT,0,0,WT,se1,se1,WT,WT,se1,se1,we06410,We06410
we07403a,5.66192,10720372137,1893416392,WT,WT,su1su1,WT,0,0,WT,WT,se1,WT,WT,WT,se1,we07403a,we07403a
we08405,8.50294,16199049850,1905111626,sh2sh2,WT*,su1su1,se1se1,0,1,0,1,0,0,se1,se1,se1,we08405,we08405
we08408,7.59179,14562212546,1918152708,sh2sh2,sh2sh2,WT,WT,0,0,WT,WT,WT,WT,WT,WT,WT,we08408,we08408
we08414a,6.31358,11911403886,1886632289,WT,WT,su1su1,se1se1,0,0,se1,se1,se1,se1,se1,se1,se1,we08414a,we08414a
we08417a,7.68353,14819900937,1928788062,WT,WT,su1su1,WT,0,0,WT,se1,se1,WT,WT,se1,se1,we08417a,we08417a
we08424,9.77154,19277569914,1972828225,WT,WT,su1su1,se1se1,0,0,se1,se1,se1,se1,se1,se1,se1,we08424,we08424
we09402,10.6901,20844561832,1949893998,sh2sh2,WT*,su1su1,se1se1,0,1,0,1,0,0,se1,se1,se1,we09402,we09402
we09413,6.29831,11795530696,1872808848,sh2sh2,sh2sh2,WT,WT,0,0,WT,WT,se1,WT,WT,WT,se1,we09413,we09413
we09425,6.98339,13601976662,1947761282,WT,WT,su1su1,WT,0,0,WT,WT,WT,WT,WT,WT,WT,we09425,we09425
we10401,7.58772,14432444527,1902079218,WT,WT,su1su1,WT,0,0,WT,se1,se1,WT,WT,se1,se1,we10401,we10401
we1095407-2,6.74691,12849921687,1904563969,WT,WT,su1su1,se1se1,0,0,se1,se1,se1,se1,se1,se1,se1,we10954072,we1095407-2
we11401,8.51258,16723905784,1964610704,WT,WT,su1su1,WT,0,0,WT,WT,WT,WT,WT,WT,WT,we11401,we11401
we11405,9.36977,18071111473,1928661160,WT,WT,su1su1,se1se1,0,0,se1,se1,se1,se1,se1,se1,se1,we11405,we11405
we11408,5.33402,9856281920,1847814954,WT,WT,su1su1,WT,0,0,WT,WT,se1,WT,WT,WT,se1,we11408,we11408
we11416,7.69593,15233397707,1979409598,WT,WT,su1su1,WT,0,0,WT,se1,se1,WT,WT,se1,se1,we11416,we11416
we12401,8.45898,16478390901,1948035212,WT,WT*,su1su1,WT,0,0,WT,se1,se1,WT,WT,se1,se1,we12401,we12401
We17401,10.8843,21529589610,1978040812,WT,WT,su1su1,WT,0,0,WT,se1,se1,WT,WT,se1,se1,we17401,We17401
We17410,13.7825,27030051680,1961186409,sh2sh2,sh2sh2,WT,WT,0,0,WT,WT,WT,WT,WT,WT,WT,we17410,We17410
We17418,10.5219,20652107182,1962773566,sh2sh2,sh2sh2,WT,WT,0,0,WT,WT,WT,WT,WT,WT,WT,we17418,We17418
We17421,12.2518,24215486688,1976484001,sh2sh2,sh2sh2,WT,WT,0,0,WT,se1,se1,WT,WT,se1,se1,we17421,We17421
We17442,12.8726,25547119192,1984612214,sh2-i,sh2-i,WT,WT,0,0,WT,WT,WT,WT,WT,WT,WT,we17442,We17442
West_Brookfield_white_sweet,8.49874,16748971934,1970759422,WT,WT*,su1su1,WT,0,0,WT,WT,WT,WT,WT,WT,WT,westbrookfieldwhitesweet,West_Brookfield_white_sweet
Wh00033,6.56699,12644939273,1925530460,WT,WT,su1su1,WT,0,0,WT,WT,WT,WT,WT,WT,WT,wh00033,Wh00033
Wh00050,7.59994,14556616944,1915359456,sh2sh2,sh2sh2,WT,WT,0,0,WT,WT,WT,WT,WT,WT,WT,wh00050,Wh00050
Wh00051,6.25739,11714837201,1872160310,sh2sh2,sh2sh2,WT,WT,0,0,WT,WT,WT,WT,WT,WT,WT,wh00051,Wh00051
Wh01001,7.26682,13678426894,1882312606,sh2sh2,sh2sh2,WT,WT,0,0,WT,WT,WT,WT,WT,WT,WT,wh01001,Wh01001
wh03031,5.52049,10164384057,1841210483,sh2sh2,sh2sh2,WT,WT,0,0,WT,WT,WT,WT,WT,WT,WT,wh03031,wh03031
wh04020a,4.3126,7538507256,1748019120,sh2sh2,sh2sh2,WT,WT,0,0,WT,se1,se1,WT,WT,se1,se1,wh04020a,wh04020a
wh04036VW,7.2552,13597928795,1874232109,sh2sh2,sh2sh2,WT,WT,0,0,WT,WT,WT,WT,WT,WT,WT,wh04036vw,wh04036VW
wh05032a1,6.1573,11663606153,1894272839,sh2sh2,sh2sh2,WT,se1se1,0,0,se1,se1,se1,se1,se1,se1,se1,wh05032a1,wh05032a1
wh05051,6.59256,12691565360,1925134600,sh2sh2,sh2sh2,WT,WT,0,0,WT,WT,WT,WT,WT,WT,WT,wh05051,wh05051
wh05066a,9.67494,19006616539,1964520352,sh2sh2,sh2sh2,WT,WT,0,0,WT,WT,WT,WT,WT,WT,WT,wh05066a,wh05066a
wh05070a,7.00738,13340581800,1903790261,sh2sh2,sh2sh2,WT,WT,0,0,WT,WT,WT,WT,WT,WT,WT,wh05070a,wh05070a
wh07013,6.6934,12644489129,1889098086,sh2sh2,WT*,su1su1,se1se1,0,1,2,2,0,0,se1,se1,se1,wh07013,wh07013
wh07020a,7.68418,14766501013,1921675574,sh2sh2,sh2sh2,WT,WT,0,0,WT,WT,WT,WT,WT,WT,WT,wh07020a,wh07020a
wh07029,7.7019,14847533182,1927775378,sh2sh2,sh2sh2,WT,WT,0,0,WT,WT,WT,WT,WT,WT,WT,wh07029,wh07029
wh07051,7.32381,14046352778,1917902400,sh2sh2,sh2sh2,WT,WT,0,0,WT,WT,WT,WT,WT,WT,WT,wh07051,wh07051
wh07061a,5.856,11079396720,1891973484,sh2sh2,sh2sh2,Het??,WT,0,0,WT,WT,WT,WT,WT,WT,WT,wh07061a,wh07061a
wh07061b,6.20788,11677896337,1881140798,sh2sh2,sh2sh2,WT,WT,0,0,WT,WT,WT,WT,WT,WT,WT,wh07061b,wh07061b
wh07165R,7.08446,13593996862,1918847289,sh2sh2,sh2sh2,WT,WT,0,0,WT,WT,WT,WT,WT,WT,WT,wh07165r,wh07165R
wh07166R,8.04509,15466036878,1922419374,sh2sh2,sh2sh2,WT,WT,0,0,WT,WT,WT,WT,WT,WT,WT,wh07166r,wh07166R
wh08022,11.0843,21869251554,1972993473,sh2sh2,sh2sh2,WT,WT,0,0,WT,WT,se1,WT,WT,WT,se1,wh08022,wh08022
wh08039,7.66799,14394079982,1877164678,sh2sh2,sh2sh2,Het??,WT,0,0,WT,WT,se1,WT,WT,WT,se1,wh08039,wh08039
wh08042,7.32737,14263836092,1946651540,sh2sh2,sh2sh2,WT,se1se1,0,0,se1,se1,se1,se1,se1,se1,se1,wh08042,wh08042
wh08045,7.39419,14416184113,1949663738,sh2sh2,sh2sh2,WT,WT,0,0,WT,WT,se1,WT,WT,WT,se1,wh08045,wh08045
wh08092,8.23231,15857847736,1926293803,sh2sh2,sh2sh2,WT,WT,0,0,WT,WT,se1,WT,WT,WT,se1,wh08092,wh08092
wh08114,7.33812,13881906417,1891752440,sh2sh2,sh2sh2,WT,WT,0,0,WT,WT,se1,WT,WT,WT,se1,wh08114,wh08114
wh09009,7.37471,13958117832,1892700572,sh2sh2,sh2sh2,WT,se1se1,0,0,se1,se1,se1,se1,se1,se1,se1,wh09009,wh09009
wh09033,7.47409,14386307317,1924823934,sh2sh2,sh2sh2,WT,se1se1,0,0,se1,se1,se1,se1,se1,se1,se1,wh09033,wh09033
wh09068,8.37143,16052801261,1917569789,sh2sh2,WT*,su1su1,WT,0,1,1,0,0,0,WT,WT,se1,wh09068,wh09068
wh09083,8.51359,17068611490,2004866512,sh2sh2,sh2sh2,WT,WT,0,0,WT,WT,WT,WT,WT,WT,WT,wh09083,wh09083
wh09086,6.20555,11927305514,1922038419,sh2sh2,sh2sh2,WT,WT,0,0,WT,WT,WT,WT,WT,WT,WT,wh09086,wh09086
Wh09087,10.728,21235396563,1979436667,sh2sh2,sh2sh2,WT,WT,0,0,WT,WT,WT,WT,WT,WT,WT,wh09087,Wh09087
wh09117R,10.1791,19631491290,1928607764,sh2sh2,sh2sh2,Het??,WT,0,0,WT,WT,se1,WT,WT,WT,se1,wh09117r,wh09117R
wh09126R,7.40449,14591516232,1970630824,sh2sh2,sh2sh2,WT,WT,0,0,WT,WT,WT,WT,WT,WT,WT,wh09126r,wh09126R
wh09137R,7.36089,14199971117,1929110626,sh2sh2,sh2sh2,WT,WT,0,0,WT,WT,WT,WT,WT,WT,WT,wh09137r,wh09137R
wh09141R,8.19258,15743789278,1921713218,sh2sh2,sh2sh2,WT,WT,0,0,WT,WT,WT,WT,WT,WT,WT,wh09141r,wh09141R
wh10006R,10.1507,19462188050,1917324721,sh2sh2,sh2sh2,WT,WT,0,0,WT,WT,WT,WT,WT,WT,WT,wh10006r,wh10006R
wh10034R,6.8596,13133821013,1914662810,sh2sh2,sh2sh2,WT,WT,0,0,WT,WT,se1,WT,WT,WT,se1,wh10034r,wh10034R
wh10035R,7.23658,13802167785,1907277718,sh2-i,sh2-i,su1su1,se1se1,0,0,se1,se1,se1,se1,se1,se1,se1,wh10035r,wh10035R
wh10040R,7.07695,13601449881,1921936693,sh2sh2,sh2sh2,WT,WT,0,0,WT,WT,WT,WT,WT,WT,WT,wh10040r,wh10040R
wh10046R,7.95537,15939716942,2003642438,sh2sh2,sh2sh2,WT,WT,0,0,WT,se1,se1,WT,WT,se1,se1,wh10046r,wh10046R
wh10049R,6.81326,13156121536,1930958386,sh2sh2,sh2sh2,WT,WT,0,0,WT,WT,se1,WT,WT,WT,se1,wh10049r,wh10049R
wh10052Ra,7.43477,13933625049,1874116489,sh2sh2,sh2sh2,WT,WT,0,0,WT,WT,WT,WT,WT,WT,WT,wh10052ra,wh10052Ra
wh10057R,13.8929,28078856775,2021093996,sh2sh2,sh2sh2,WT,WT,0,0,WT,WT,WT,WT,WT,WT,WT,wh10057r,wh10057R
wh10062R,7.371,14147514865,1919348103,sh2sh2,sh2sh2,WT,WT,0,0,WT,WT,WT,WT,WT,WT,WT,wh10062r,wh10062R
wh10067R,5.66263,10593682359,1870806032,sh2sh2,sh2sh2,WT,WT,0,0,WT,WT,WT,WT,WT,WT,WT,wh10067r,wh10067R
wh10068R,8.76538,17079505873,1948518589,sh2sh2,sh2sh2,Het??,WT,0,0,WT,WT,WT,WT,WT,WT,WT,wh10068r,wh10068R
wh10070R,7.52824,14563730986,1934546585,sh2sh2,sh2sh2,WT,WT,0,0,WT,WT,WT,WT,WT,WT,WT,wh10070r,wh10070R
wh10080,6.37198,12089189134,1897242166,sh2sh2,WT*,su1su1,se1se1,0,1,se1,se1,se1,se1,se1,se1,se1,wh10080,wh10080
wh10088R,11.8685,23434767454,1974534899,sh2sh2,sh2sh2,WT,WT,0,0,WT,WT,WT,WT,WT,WT,WT,wh10088r,wh10088R
wh10090R,8.89733,17219879509,1935398542,sh2sh2,sh2sh2,WT,WT,0,0,WT,WT,WT,WT,WT,WT,WT,wh10090r,wh10090R
wh10105R,7.13627,13684566664,1917607751,sh2sh2,sh2sh2,WT,WT,0,0,WT,WT,WT,WT,WT,WT,WT,wh10105r,wh10105R
wh10113R,9.4227,18273261058,1939280786,sh2sh2,sh2sh2,WT,WT,0,0,WT,WT,WT,WT,WT,WT,WT,wh10113r,wh10113R
wh10117R,7.50304,15043085606,2004932082,sh2sh2,sh2sh2,WT,WT,0,0,WT,WT,se1,WT,WT,WT,se1,wh10117r,wh10117R
wh10127R,7.47259,14587212402,1952095913,sh2sh2,sh2sh2,WT,WT,0,0,WT,WT,WT,WT,WT,WT,WT,wh10127r,wh10127R
wh10135R,8.0954,15363059884,1897751795,sh2sh2,sh2sh2,WT,WT,0,0,WT,WT,WT,WT,WT,WT,WT,wh10135r,wh10135R
wh10137R,6.79695,13031709210,1917287785,sh2sh2,sh2sh2,WT,WT,0,0,WT,WT,se1,WT,WT,WT,se1,wh10137r,wh10137R
wh10140R,13.8544,28243583014,2038600229,sh2sh2,sh2sh2,WT,WT,0,0,WT,WT,WT,WT,WT,WT,WT,wh10140r,wh10140R
wh10163,6.64929,12408276479,1866105476,sh2sh2,sh2sh2,WT,WT,0,0,WT,WT,WT,WT,WT,WT,WT,wh10163,wh10163
wh10173V,11.6881,22924249935,1961332461,sh2sh2,sh2sh2,WT,WT,0,0,WT,WT,WT,WT,WT,WT,WT,wh10173v,wh10173V
wh10216V,8.60629,16708096283,1941381976,sh2sh2,sh2sh2,WT,WT,0,0,WT,WT,WT,WT,WT,WT,WT,wh10216v,wh10216V
wh10231V,9.20436,17796348876,1933469451,sh2sh2,sh2sh2,WT,WT,0,0,WT,WT,WT,WT,WT,WT,WT,wh10231v,wh10231V
Wh10804R,10.6203,20488449724,1929178057,WT,WT,su1su1,WT,0,0,WT,WT,WT,WT,WT,WT,WT,wh10804r,Wh10804R
wh11001,7.63856,14894532960,1949913722,WT,WT,su1su1,WT,0,0,WT,WT,se1,WT,WT,WT,se1,wh11001,wh11001
wh11005,11.6136,22974745717,1978262185,sh2sh2,sh2sh2,WT,WT,0,0,WT,WT,se1,WT,WT,WT,se1,wh11005,wh11005
wh11008,8.37097,16253890837,1941697418,sh2sh2,sh2sh2,Het??,WT,0,0,WT,WT,WT,WT,WT,WT,WT,wh11008,wh11008
wh11017a,9.83592,19102432568,1942109388,sh2sh2,sh2sh2,WT,WT,0,0,WT,WT,se1,WT,WT,WT,se1,wh11017a,wh11017a
wh12001,10.4817,20450931600,1951108274,sh2sh2,sh2sh2,WT,se1se1,0,0,se1,se1,se1,se1,se1,se1,se1,wh12001,wh12001
wh12004,5.97355,11074652659,1853948265,sh2sh2,sh2sh2,WT,WT,0,0,WT,WT,se1,WT,WT,WT,se1,wh12004,wh12004
wh12005,7.03555,13473828375,1915106619,sh2sh2,sh2sh2,WT,WT,0,0,WT,WT,WT,WT,WT,WT,WT,wh12005,wh12005
wh12008,7.23882,14035905079,1938976944,sh2sh2,sh2sh2,WT,WT,0,0,WT,WT,se1,WT,WT,WT,se1,wh12008,wh12008
wh12014,6.55024,12212484777,1864433178,sh2sh2,sh2sh2,WT,WT,0,0,WT,se1,WT,WT,WT,se1,WT,wh12014,wh12014
wh12048V,9.33584,18153215289,1944465125,sh2sh2,sh2sh2,WT,se1se1,0,0,se1,se1,se1,se1,se1,se1,se1,wh12048v,wh12048V
wh13022A,8.36819,16016803871,1914010541,sh2sh2,sh2sh2,WT,WT,0,0,WT,WT,se1,WT,WT,WT,se1,wh13022a,wh13022A
wh13037,6.87806,13319269470,1936486374,WT,WT*,su1su1,se1se1,0,0,se1,se1,se1,se1,se1,se1,se1,wh13037,wh13037
wh13040,8.47683,16922261021,1996295906,sh2sh2,sh2sh2,Het??,WT,0,0,WT,WT,WT,WT,WT,WT,WT,wh13040,wh13040
wh13041,7.46762,14262524760,1909915711,sh2sh2,sh2sh2,WT,WT,0,0,WT,WT,WT,WT,WT,WT,WT,wh13041,wh13041
wh13048,10.0947,19685886029,1950120957,sh2sh2,sh2sh2,su1su1,se1se1,0,1,1,0,0,0,se1,se1,se1,wh13048,wh13048
wh13053,8.17689,16423996238,2008587157,sh2sh2,sh2sh2,WT,WT,0,0,WT,WT,WT,WT,WT,WT,WT,wh13053,wh13053
wh13063A,6.40278,11938222037,1864537285,sh2sh2,sh2sh2,WT,WT,0,0,WT,WT,WT,WT,WT,WT,WT,wh13063a,wh13063A
wh13064,10.179,20483968617,2012375343,sh2sh2,sh2sh2,WT,WT,0,0,WT,WT,WT,WT,WT,WT,WT,wh13064,wh13064
wh13070,8.70702,16715472112,1919769578,WT,WT,su1su1,se1se1,0,0,se1,se1,se1,se1,se1,se1,se1,wh13070,wh13070
wh13074A,6.19105,11585607622,1871347772,WT,WT,su1su1,WT,0,0,WT,WT,WT,WT,WT,WT,WT,wh13074a,wh13074A
Wh14022A,6.87649,12994922514,1889760985,sh2sh2,sh2sh2,su1su1,se1se1,0,1,1,0,0,0,se1,se1,se1,wh14022a,Wh14022A
wh14022B,8.83502,17834621452,2018628306,sh2sh2,sh2sh2,su1su1,WT,0,1,1,0,0,0,WT,WT,se1,wh14022b,wh14022B
wh14082V,7.88486,14921576539,1892433923,sh2sh2,sh2sh2,WT,WT,0,0,WT,WT,WT,WT,WT,WT,WT,wh14082v,wh14082V
Wh14100V,7.82024,15385374985,1967378876,sh2sh2,sh2sh2,WT,WT,0,0,WT,WT,se1,WT,WT,WT,se1,wh14100v,Wh14100V
wh14101V,8.30483,15869682607,1910897948,sh2sh2,sh2sh2,WT,WT,0,0,WT,WT,se1,WT,WT,WT,se1,wh14101v,wh14101V
wh14102V,11.6159,22716466725,1955635528,sh2sh2,sh2sh2,WT,WT,0,0,WT,WT,se1,WT,WT,WT,se1,wh14102v,wh14102V
wh14113V,8.00884,15547020173,1941232460,sh2sh2,sh2sh2,WT,WT,0,0,WT,WT,se1,WT,WT,WT,se1,wh14113v,wh14113V
wh14119V,6.36505,12006682299,1886345323,WT,WT,su1su1,WT,0,0,WT,WT,se1,WT,WT,WT,se1,wh14119v,wh14119V
Wh14201N,4.98434,9164517826,1838662255,sh2sh2,sh2sh2,WT,se1se1,0,0,se1,se1,se1,se1,se1,se1,se1,wh14201n,Wh14201N
wh14202N,8.6277,16884475212,1957007686,sh2sh2,sh2sh2,WT,se1se1,0,0,se1,se1,se1,se1,se1,se1,se1,wh14202n,wh14202N
wh14210N,6.78621,13124764069,1934034471,sh2sh2,sh2sh2,WT,WT,0,0,WT,WT,se1,WT,WT,WT,se1,wh14210n,wh14210N
Wh16003,13.5518,26941873796,1988066072,sh2sh2,sh2sh2,su1su1,WT,0,1,1,1,0,0,WT,WT,WT,wh16003,Wh16003
Wh16008,9.28881,18101553396,1948748375,sh2-i,sh2-i,su1su1,se1se1,0,0,se1,se1,se1,se1,se1,se1,se1,wh16008,Wh16008
Wh16012,10.6934,20830950511,1948019387,sh2sh2,sh2sh2,WT,WT,0,0,WT,WT,WT,WT,WT,WT,WT,wh16012,Wh16012
Wh16015B,12.9207,25659202892,1985898821,sh2sh2,sh2sh2,WT,WT,0,0,WT,WT,WT,WT,WT,WT,WT,wh16015b,Wh16015B
Wh16042,11.6571,22875789804,1962391144,WT,WT,su1su1,se1se1,0,0,se1,se1,se1,se1,se1,se1,se1,wh16042,Wh16042
Wh16044,13.7061,26969456827,1967697363,WT,WT,su1su1,se1se1,0,0,se1,se1,se1,se1,se1,se1,se1,wh16044,Wh16044
Wh17027A,12.67,24947511885,1969022248,WT,WT,su1su1,se1se1,0,0,se1,se1,se1,se1,se1,se1,se1,wh17027a,Wh17027A
Wh17031R,12.7715,25256314079,1977552682,WT,WT,su1su1,WT,0,0,WT,se1,se1,WT,WT,se1,se1,wh17031r,Wh17031R
Wh17048V,13.0116,25760858599,1979837883,sh2sh2,sh2sh2,WT,WT,0,0,WT,WT,WT,WT,WT,WT,WT,wh17048v,Wh17048V
Wh17070V,12.5223,24595648682,1964147855,sh2sh2,sh2sh2,WT,se1se1,0,0,se1,se1,se1,se1,se1,se1,se1,wh17070v,Wh17070V
wh92047,6.83348,12921050284,1890844823,sh2sh2,sh2sh2,WT,WT,0,0,WT,WT,WT,WT,WT,WT,WT,wh92047,wh92047
Wh9261,6.95133,13100119781,1884548681,sh2sh2,sh2sh2,WT,WT,0,0,WT,WT,WT,WT,WT,WT,WT,wh9261,Wh9261
Wh93006,12.3459,24448648754,1980305102,sh2sh2,sh2sh2,WT,WT,0,0,WT,WT,WT,WT,WT,WT,WT,wh93006,Wh93006
Wh93016,6.35262,12025802010,1893046020,sh2sh2,sh2sh2,WT,WT,0,0,WT,WT,WT,WT,WT,WT,WT,wh93016,Wh93016
Wh93017,11.25,22566134889,2005878657,sh2sh2,sh2sh2,Het??,WT,0,0,WT,WT,WT,WT,WT,WT,WT,wh93017,Wh93017
Wh94053,12.0524,23680082556,1964760758,sh2sh2,sh2sh2,WT,WT,0,0,WT,WT,WT,WT,WT,WT,WT,wh94053,Wh94053
Wh95016a,7.50435,14312206884,1907188082,sh2sh2,sh2sh2,WT,WT,0,0,WT,WT,WT,WT,WT,WT,WT,wh95016a,Wh95016a
Wh96011,8.51631,16412764661,1927215503,sh2sh2,sh2sh2,WT,WT,0,0,WT,WT,se1,WT,WT,WT,se1,wh96011,Wh96011
Wh96015,9.98634,19542082595,1956881359,sh2sh2,sh2sh2,WT,WT,0,0,WT,WT,WT,WT,WT,WT,WT,wh96015,Wh96015
Wh96034,8.49148,16327087651,1922761127,sh2sh2,sh2sh2,WT,WT,0,0,WT,WT,WT,WT,WT,WT,WT,wh96034,Wh96034
Wh98044,8.54011,16733518837,1959403197,sh2sh2,sh2sh2,WT,WT,0,0,WT,WT,WT,WT,WT,WT,WT,wh98044,Wh98044
Wh98063,6.47495,12385609771,1912850257,sh2sh2,sh2sh2,WT,WT,0,0,WT,WT,WT,WT,WT,WT,WT,wh98063,Wh98063
Whipples_White,7.47128,14361046718,1922166847,WT,WT*,su1su1,WT,0,0,WT,WT,WT,WT,WT,WT,WT,whippleswhite,Whipples_White
Whipples_Yellow,6.4257,12501004623,1945469696,WT,WT*,su1su1,WT,0,0,WT,WT,WT,WT,WT,WT,WT,whipplesyellow,Whipples_Yellow
WMT,13.8043,26737255479,1936878761,sh2sh2,sh2sh2,su1su1,WT,0,1,WT,WT,WT,WT,WT,WT,WT,wmt,WMT
Wu00801,10.2019,20358188448,1995529112,WT,WT,su1su1,WT,0,0,WT,WT,WT,WT,WT,WT,WT,wu00801,Wu00801
Wu00802,11.0476,21990475501,1990520611,WT,WT,su1su1,WT,0,0,WT,WT,WT,WT,WT,WT,WT,wu00802,Wu00802
wu07812,12.4987,24632252007,1970785122,WT,WT,su1su1,se1se1,0,0,se1,se1,se1,se1,se1,se1,se1,wu07812,wu07812
wu10802R,5.48929,10109368211,1841653148,WT,WT,su1su1,WT,0,0,WT,WT,WT,WT,WT,WT,WT,wu10802r,wu10802R
wu10804R,8.37036,15984391248,1909642028,WT,WT,su1su1,WT,0,0,WT,WT,WT,WT,WT,WT,WT,wu10804r,wu10804R
Wu99811,7.05741,13619245279,1929779520,WT,WT,su1su1,WT,0,0,WT,WT,WT,WT,WT,WT,WT,wu99811,Wu99811
Wu99823,11.2552,22369913522,1987518082,WT,WT,su1su1,WT,0,0,WT,WT,WT,WT,WT,WT,WT,wu99823,Wu99823
wuh07177i,6.30488,11984153856,1900774298,sh2-i,sh2-i,WT,WT,0,0,WT,WT,WT,WT,WT,WT,WT,wuh07177i,wuh07177i
wuh07182i,11.5863,22939954769,1979920662,sh2-i,sh2-i,Het??,WT,0,0,WT,WT,se1,WT,WT,WT,se1,wuh07182i,wuh07182i
Wuh07183i,11.9681,23634180864,1974764655,sh2-i,sh2-i,WT,WT,0,0,WT,WT,se1,WT,WT,WT,se1,wuh07183i,Wuh07183i
wuh07186i,6.15316,11480408662,1865774441,sh2sh2,sh2sh2,WT,WT,0,0,WT,WT,se1,WT,WT,WT,se1,wuh07186i,wuh07186i
wuh07422i,10.8137,21244224236,1964565712,sh2-i,sh2-i,su1su1,WT,0,0,WT,WT,se1,WT,WT,WT,se1,wuh07422i,wuh07422i
wuh07428i,7.51259,14371876183,1913038803,sh2-i,sh2-i,su1su1,se1se1,0,0,se1,se1,se1,se1,se1,se1,se1,wuh07428i,wuh07428i
wuh07429i,7.28632,14173799523,1945261740,sh2-i,sh2-i,su1su1,WT,0,0,WT,WT,WT,WT,WT,WT,WT,wuh07429i,wuh07429i
wuh07466i,11.5418,22580289556,1956392379,sh2-i,sh2-i,su1su1,WT,0,0,WT,WT,se1,WT,WT,WT,se1,wuh07466i,wuh07466i
wuh07469i,7.08019,13453713522,1900191029,sh2-i,sh2-i,su1su1,WT,0,0,WT,WT,se1,WT,WT,WT,se1,wuh07469i,wuh07469i
wuh07481i,8.86323,17293720257,1951175842,sh2-i,sh2-i,su1su1,WT,0,0,WT,WT,se1,WT,WT,WT,se1,wuh07481i,wuh07481i
wuh07492i,5.22011,9552259710,1829896249,sh2sh2,sh2sh2,WT,WT,0,0,WT,WT,WT,WT,WT,WT,WT,wuh07492i,wuh07492i
wuh08127ia,11.0062,21868605953,1986935178,sh2-i,sh2-i,Het??,WT,0,0,WT,WT,WT,WT,WT,WT,WT,wuh08127ia,wuh08127ia
wuh09093i,8.32254,16082182071,1932364647,WT,WT*,su1su1,WT,0,0,WT,WT,se1,WT,WT,WT,se1,wuh09093i,wuh09093i
wuh09097i,7.45192,14362494582,1927354907,sh2-i,sh2-i,su1su1,WT,0,0,WT,WT,se1,WT,WT,WT,se1,wuh09097i,wuh09097i
wuh09098i,8.26724,15927506427,1926580869,sh2-i,sh2-i,su1su1,se1se1,0,0,se1,se1,se1,se1,se1,se1,se1,wuh09098i,wuh09098i
wuh09144i,7.1636,13800081367,1926417076,sh2-i,sh2-i,su1su1,WT,0,0,WT,WT,se1,WT,WT,WT,se1,wuh09144i,wuh09144i
wuh09149i,7.78817,15350707922,1971028871,sh2-i,sh2-i,su1su1,WT,0,0,WT,WT,se1,WT,WT,WT,se1,wuh09149i,wuh09149i
wuh09150i,7.45097,14362692158,1927627162,sh2-i,sh2-i,su1su1,WT,0,0,WT,WT,se1,WT,WT,WT,se1,wuh09150i,wuh09150i
wuh09153i,7.75665,15236539948,1964319642,sh2-i,sh2-i,su1su1,WT,0,0,WT,WT,se1,WT,WT,WT,se1,wuh09153i,wuh09153i
wuh09164i,7.48445,14430116586,1928012958,sh2-i,sh2-i,su1su1,WT,0,0,WT,WT,WT,WT,WT,WT,WT,wuh09164i,wuh09164i
wuh09170i,11.7375,23065775575,1965135299,sh2-i,sh2-i,su1su1,WT,0,0,WT,WT,se1,WT,WT,WT,se1,wuh09170i,wuh09170i
wuh09174i,6.68218,12720683207,1903672635,sh2-i,sh2-i,su1su1,WT,0,0,WT,WT,se1,WT,WT,WT,se1,wuh09174i,wuh09174i
wuh09183i,7.84744,14961771345,1906579897,sh2-i,sh2-i,su1su1,WT,0,0,WT,WT,se1,WT,WT,WT,se1,wuh09183i,wuh09183i
Wuh09188i,12.9574,25809972559,1991909840,sh2-i,sh2-i,su1su1,WT,0,0,WT,WT,se1,WT,WT,WT,se1,wuh09188i,Wuh09188i
wuh09191i,6.83124,13054479644,1910997073,sh2-i,sh2-i,su1su1,se1se1,0,0,se1,se1,se1,se1,se1,se1,se1,wuh09191i,wuh09191i
wuh11801i,8.48028,16737750375,1973726148,sh2-i,sh2-i,su1su1,WT,0,0,WT,WT,se1,WT,WT,WT,se1,wuh11801i,wuh11801i
wuh11809i,7.69194,14732643360,1915335190,sh2-i,sh2-i,su1-Nueta?,se1se1,0,0,se1,se1,se1,se1,se1,se1,se1,wuh11809i,wuh11809i
wuh11810i,6.58785,12554059240,1905638295,sh2-i,sh2-i,su1su1,WT,0,0,WT,WT,se1,WT,WT,WT,se1,wuh11810i,wuh11810i
wuh11811i,7.854,15144025806,1928192743,WT,WT,su1su1,se1se1,0,0,se1,se1,se1,se1,se1,se1,se1,wuh11811i,wuh11811i
wuh11812i,6.42168,12157539612,1893202341,WT,WT,su1su1,WT,0,0,WT,se1,se1,WT,WT,se1,se1,wuh11812i,wuh11812i
wuh11813i,9.16106,18023321927,1967383897,sh2-i,sh2-i,su1su1,WT,0,0,WT,WT,se1,WT,WT,WT,se1,wuh11813i,wuh11813i
wuh11816i,7.20784,13637290857,1892007988,sh2-i,sh2-i,su1su1,se1se1,0,0,se1,se1,se1,se1,se1,se1,se1,wuh11816i,wuh11816i
wuh12018i,10.9834,21566947639,1963594847,sh2sh2,sh2sh2,WT,WT,0,0,WT,WT,WT,WT,WT,WT,WT,wuh12018i,wuh12018i
wuh12019i,10.8884,21491232690,1973773253,sh2-i,sh2-i,su1su1,WT,0,0,WT,WT,se1,WT,WT,WT,se1,wuh12019i,wuh12019i
wuh12020i,7.46851,14852403630,1988670247,sh2sh2,sh2sh2,WT,WT,0,0,WT,WT,WT,WT,WT,WT,WT,wuh12020i,wuh12020i
wuh12027i,12.5806,24997804606,1987012114,WT,WT,su1su1,se1se1,0,0,se1,se1,se1,se1,se1,se1,se1,wuh12027i,wuh12027i
wuh12035i,7.4439,14391178723,1933284800,WT,WT,su1su1,WT,0,0,WT,WT,se1,WT,WT,WT,se1,wuh12035i,wuh12035i
wuh12037i,5.14605,9368419405,1820506875,WT,WT,su1su1,WT,0,0,WT,se1,se1,WT,WT,se1,se1,wuh12037i,wuh12037i
wuh12039i,8.61892,16968139135,1968708276,sh2-i,sh2-i,su1su1,WT,0,0,WT,WT,WT,WT,WT,WT,WT,wuh12039i,wuh12039i
wuh98032,9.34442,18266697583,1954824118,sh2sh2,sh2sh2,WT,se1se1,0,0,se1,se1,se1,se1,se1,se1,se1,wuh98032,wuh98032
WVG3,6.36175,12239030198,1923846457,WT,WT,su1su1,WT,0,0,WT,WT,WT,WT,WT,WT,WT,wvg3,WVG3
Z07_001,8.07791,15202791952,1882020467,WT,WT,su1_SW?,WT,0,0,WT,WT,WT,WT,WT,WT,WT,z07001,Z07_001
Z07_002,11.512,22187409768,1927328854,WT,WT,su1_SW?,WT,0,0,WT,WT,WT,WT,WT,WT,WT,z07002,Z07_002
Z07_003,8.98303,17093572900,1902873852,WT,WT,su1_SW?,WT,0,0,WT,WT,WT,WT,WT,WT,WT,z07003,Z07_003
ZapaloteChico,8.72848,16475908763,1887603427,sh2sh2,sh2sh2,WT,WT,0,0,WT,WT,WT,WT,WT,WT,WT,zapalotechico,ZapaloteChico
Zarya123,5.74654,10903041865,1897322887,WT,WT,su1su1,WT,0,0,WT,WT,WT,WT,WT,WT,WT,zarya123,Zarya123
